	ID	DOCULECT	CONCEPT	Segments	GLOTTOCODE	ISO_CODE	CONCEPTICON_ID	CONCEPTICON_GLOSS	COGNATES	FORM
0	ChiapasZoque-100_yellow-1	ChiapasZoque	100_yellow	p u ʔ ts ə	copa1236	zoc	1424	YELLOW	100_yellow-1	
1	ChiapasZoque-101_far-1	ChiapasZoque	101_far	j a ʔ a j	copa1236	zoc	1406	FAR	101_far-4	
2	ChiapasZoque-102_heavy-1	ChiapasZoque	102_heavy	h e m e ts	copa1236	zoc	1210	HEAVY	102_heavy-1	
3	ChiapasZoque-103_near-1	ChiapasZoque	103_near	t o m e	copa1236	zoc	1942	NEAR	103_near-2	
4	ChiapasZoque-104_salt-1	ChiapasZoque	104_salt	k a n a	copa1236	zoc	1274	SALT	104_salt-1	
5	ChiapasZoque-105_short-1	ChiapasZoque	105_short	k o n o	copa1236	zoc	1645	SHORT	105_short-1	
6	ChiapasZoque-106_snake-1	ChiapasZoque	106_snake	ts a n	copa1236	zoc	730	SNAKE	106_snake-1	
7	ChiapasZoque-107_thin-1	ChiapasZoque	107_thin	ts e j a	copa1236	zoc	2308	THIN	107_thin-3	
8	ChiapasZoque-107_thin-2	ChiapasZoque	107_thin	k a j	copa1236	zoc	2308	THIN	107_thin-3	
9	ChiapasZoque-107_thin-3	ChiapasZoque	107_thin	p a h k a + p a h k a	copa1236	zoc	2308	THIN	107_thin-3	
10	ChiapasZoque-108_wind-1	ChiapasZoque	108_wind	s a w a	copa1236	zoc	960	WIND	108_wind-4	
11	ChiapasZoque-109_worm-1	ChiapasZoque	109_worm	t o ʔ t	copa1236	zoc	1219	WORM	109_worm-1	
12	ChiapasZoque-10_bone-1	ChiapasZoque	10_bone	p a k	copa1236	zoc	1394	BONE	10_bone-1	
13	ChiapasZoque-110_year-1	ChiapasZoque	110_year	a m e	copa1236	zoc	1226	YEAR	110_year-3	
17	ChiapasZoque-14_cloud-1	ChiapasZoque	14_cloud	o ʔ n a	copa1236	zoc	1489	CLOUD	14_cloud-3	
19	ChiapasZoque-16_come-1	ChiapasZoque	16_come	m i n	copa1236	zoc	1446	COME	16_come-2	
20	ChiapasZoque-17_die-1	ChiapasZoque	17_die	k a ʔ	copa1236	zoc	1494	DIE	17_die-2	
21	ChiapasZoque-18_dog-1	ChiapasZoque	18_dog	t u w i	copa1236	zoc	2009	DOG	18_dog-4	
22	ChiapasZoque-19_drink-1	ChiapasZoque	19_drink	u h k	copa1236	zoc	1401	DRINK	19_drink-1	
23	ChiapasZoque-1_all-1	ChiapasZoque	1_all	m u m u	copa1236	zoc	98	ALL	1_all-5	
24	ChiapasZoque-20_dry-1	ChiapasZoque	20_dry	t ə ʔ ts	copa1236	zoc	1398	DRY	20_dry-1	
25	ChiapasZoque-21_ear-1	ChiapasZoque	21_ear	t a ts ə k	copa1236	zoc	1247	EAR	21_ear-1	
26	ChiapasZoque-22_earth-1	ChiapasZoque	22_earth	n a s	copa1236	zoc	1228	EARTH (SOIL)	22_earth-1	
27	ChiapasZoque-23_eat-1	ChiapasZoque	23_eat	k ə ʔ s	copa1236	zoc	1336	EAT	23_eat-3	
28	ChiapasZoque-24_egg-1	ChiapasZoque	24_egg	p o k a	copa1236	zoc	744	EGG	24_egg-3	
29	ChiapasZoque-25_eye-1	ChiapasZoque	25_eye	w i n	copa1236	zoc	1248	EYE	25_eye-1	
31	ChiapasZoque-27_feather-1	ChiapasZoque	27_feather	p ə k	copa1236	zoc	1201	FEATHER	27_feather-1	
32	ChiapasZoque-28_fire-1	ChiapasZoque	28_fire	h u k ə t ə k	copa1236	zoc	221	FIRE	28_fire-2	
33	ChiapasZoque-29_fish-1	ChiapasZoque	29_fish	k o k e h	copa1236	zoc	227	FISH	29_fish-2	
34	ChiapasZoque-2_ashes-1	ChiapasZoque	2_ashes	k u j + h a m	copa1236	zoc	646	ASH	2_ashes-1	
35	ChiapasZoque-30_flyv-1	ChiapasZoque	30_flyv	s i t i h t	copa1236	zoc	1441	FLY (MOVE THROUGH AIR)	30_flyv-4	
36	ChiapasZoque-31_foot-1	ChiapasZoque	31_foot	n e ʔ ŋ + b a k	copa1236	zoc	1301	FOOT	31_foot-4	
38	ChiapasZoque-33_give-1	ChiapasZoque	33_give	tʃ i ʔ	copa1236	zoc	1447	GIVE	33_give-2	
39	ChiapasZoque-34_good-1	ChiapasZoque	34_good	o j e	copa1236	zoc	1035	GOOD	34_good-1	
40	ChiapasZoque-35_green-1	ChiapasZoque	35_green	ts u h ts u	copa1236	zoc	1425	GREEN	35_green-1	
41	ChiapasZoque-36_hair-1	ChiapasZoque	36_hair	w a j	copa1236	zoc	1040	HAIR	36_hair-1	
42	ChiapasZoque-36_hair-2	ChiapasZoque	36_hair	p ə k	copa1236	zoc	1040	HAIR	36_hair-1	
43	ChiapasZoque-37_hand-1	ChiapasZoque	37_hand	k ə ʔ	copa1236	zoc	1277	HAND	37_hand-1	
44	ChiapasZoque-38_head-1	ChiapasZoque	38_head	k o p a k	copa1236	zoc	1256	HEAD	38_head-1	
45	ChiapasZoque-39_hear-1	ChiapasZoque	39_hear	m a t o ŋ	copa1236	zoc	1408	HEAR	39_hear-1	
46	ChiapasZoque-3_bark-1	ChiapasZoque	3_bark	k u ʔ j u + n a k a	copa1236	zoc	1204	BARK	3_bark-2	
47	ChiapasZoque-40_heart-1	ChiapasZoque	40_heart	ts o k o j	copa1236	zoc	1223	HEART	40_heart-3	
49	ChiapasZoque-42_i-1	ChiapasZoque	42_i	ə h	copa1236	zoc	1209	I	42_i-1	
50	ChiapasZoque-43_kill-1	ChiapasZoque	43_kill	j a h + k a ʔ	copa1236	zoc	1417	KILL	43_kill-2	
53	ChiapasZoque-46_leaf-1	ChiapasZoque	46_leaf	a j	copa1236	zoc	628	LEAF	46_leaf-1	
54	ChiapasZoque-47_lie-1	ChiapasZoque	47_lie	ə k g e h k	copa1236	zoc	1411	LIE (REST)	47_lie-8	
55	ChiapasZoque-48_liver-1	ChiapasZoque	48_liver	p a ʔ t	copa1236	zoc	1224	LIVER	48_liver-2	
56	ChiapasZoque-49_long-1	ChiapasZoque	49_long	p ə j	copa1236	zoc	1203	LONG	49_long-5	
57	ChiapasZoque-4_belly-1	ChiapasZoque	4_belly	ts e k	copa1236	zoc	1251	BELLY	4_belly-4	
58	ChiapasZoque-50_louse-1	ChiapasZoque	50_louse	a w a t	copa1236	zoc	1392	LOUSE	50_louse-2	
60	ChiapasZoque-52_many-1	ChiapasZoque	52_many	w ə w ə	copa1236	zoc	1198	MANY	52_many-3	
61	ChiapasZoque-52_many-2	ChiapasZoque	52_many	a ŋ + b a ʔ t + e	copa1236	zoc	1198	MANY	52_many-3	
62	ChiapasZoque-52_many-3	ChiapasZoque	52_many	m ə ʔ tʃ ə k i	copa1236	zoc	1198	MANY	52_many-3	
65	ChiapasZoque-55_mountain-1	ChiapasZoque	55_mountain	k o ts ə k	copa1236	zoc	639	MOUNTAIN	55_mountain-2	
66	ChiapasZoque-56_mouth-1	ChiapasZoque	56_mouth	a ŋ n a k a	copa1236	zoc	674	MOUTH	56_mouth-2	
67	ChiapasZoque-57_name-1	ChiapasZoque	57_name	n ə j	copa1236	zoc	1405	NAME	57_name-2	
68	ChiapasZoque-58_neck-1	ChiapasZoque	58_neck	k ə n ə	copa1236	zoc	1333	NECK	58_neck-2	
69	ChiapasZoque-59_new-1	ChiapasZoque	59_new	h o m e	copa1236	zoc	1231	NEW	59_new-2	
70	ChiapasZoque-5_big-1	ChiapasZoque	5_big	m ə h a	copa1236	zoc	1202	BIG	5_big-1	
71	ChiapasZoque-60_night-1	ChiapasZoque	60_night	ts u ʔ	copa1236	zoc	1233	NIGHT	60_night-1	
72	ChiapasZoque-61_nose-1	ChiapasZoque	61_nose	k i n ə	copa1236	zoc	1221	NOSE	61_nose-2	
73	ChiapasZoque-62_not-1	ChiapasZoque	62_not	h a ʔ n e	copa1236	zoc	1240	NOT	62_not-4	
74	ChiapasZoque-63_one-1	ChiapasZoque	63_one	t u m ə	copa1236	zoc	1493	ONE	63_one-2	
75	ChiapasZoque-64_person-1	ChiapasZoque	64_person	p ə n + d a ʔ m	copa1236	zoc	683	PERSON	64_person-2	
77	ChiapasZoque-66_red-1	ChiapasZoque	66_red	ts a p a s	copa1236	zoc	156	RED	66_red-1	
78	ChiapasZoque-67_road-1	ChiapasZoque	67_road	t u ŋ	copa1236	zoc	667	ROAD	67_road-1	
79	ChiapasZoque-68_root-1	ChiapasZoque	68_root	w a ts i	copa1236	zoc	670	ROOT	68_root-3	
81	ChiapasZoque-6_bird-1	ChiapasZoque	6_bird	p a l o m a	copa1236	zoc	937	BIRD	6_bird-4	
82	ChiapasZoque-70_sand-1	ChiapasZoque	70_sand	w a ʔ n a	copa1236	zoc	671	SAND	70_sand-2	
83	ChiapasZoque-71_say-1	ChiapasZoque	71_say	n ə m	copa1236	zoc	1458	SAY	71_say-4	
84	ChiapasZoque-72_see-1	ChiapasZoque	72_see	ʔ i s	copa1236	zoc	1409	SEE	72_see-3	
85	ChiapasZoque-73_seed-1	ChiapasZoque	73_seed	p u h	copa1236	zoc	714	SEED	73_seed-3	
86	ChiapasZoque-74_sit-1	ChiapasZoque	74_sit	p o k s	copa1236	zoc	1416	SIT	74_sit-4	
88	ChiapasZoque-76_sleep-1	ChiapasZoque	76_sleep	ə ŋ	copa1236	zoc	1585	SLEEP	76_sleep-2	
89	ChiapasZoque-77_small-1	ChiapasZoque	77_small	tʃ i k s	copa1236	zoc	1246	SMALL	77_small-3	
91	ChiapasZoque-79_stand-1	ChiapasZoque	79_stand	t e n a j	copa1236	zoc	1442	STAND	79_stand-1	
92	ChiapasZoque-7_bite-1	ChiapasZoque	7_bite	k e ʔ ts	copa1236	zoc	1403	BITE	7_bite-5	
93	ChiapasZoque-80_star-1	ChiapasZoque	80_star	m a ts a	copa1236	zoc	1430	STAR	80_star-1	
94	ChiapasZoque-81_stone-1	ChiapasZoque	81_stone	ts a ʔ	copa1236	zoc	857	STONE	81_stone-1	
95	ChiapasZoque-82_sun-1	ChiapasZoque	82_sun	h a m a	copa1236	zoc	1343	SUN	82_sun-2	
96	ChiapasZoque-83_swim-1	ChiapasZoque	83_swim	h e m u	copa1236	zoc	1439	SWIM	83_swim-4	
97	ChiapasZoque-84_tail-1	ChiapasZoque	84_tail	t u ʔ ts	copa1236	zoc	1220	TAIL	84_tail-1	
98	ChiapasZoque-85_that-1	ChiapasZoque	85_that	ə ʔ	copa1236	zoc	78	THAT	85_that-4	
99	ChiapasZoque-86_this-1	ChiapasZoque	86_this	j ə ʔ + w ə	copa1236	zoc	1214	THIS	86_this-1	
100	ChiapasZoque-87_thou-1	ChiapasZoque	87_thou	m i h	copa1236	zoc	1215	THOU	87_thou-1	
101	ChiapasZoque-88_tongue-1	ChiapasZoque	88_tongue	t o ts	copa1236	zoc	1205	TONGUE	88_tongue-1	
102	ChiapasZoque-89_tooth-1	ChiapasZoque	89_tooth	t ə ts	copa1236	zoc	1380	TOOTH	89_tooth-1	
103	ChiapasZoque-8_black-1	ChiapasZoque	8_black	j ə k	copa1236	zoc	163	BLACK	8_black-1	
104	ChiapasZoque-90_tree-1	ChiapasZoque	90_tree	k u j	copa1236	zoc	906	TREE	90_tree-1	
105	ChiapasZoque-91_two-1	ChiapasZoque	91_two	m e ts a	copa1236	zoc	1498	TWO	91_two-1	
106	ChiapasZoque-92_walkgo-1	ChiapasZoque	92_walkgo	w i h t	copa1236	zoc	1443	WALK	92_walkgo-2	
109	ChiapasZoque-94_water-1	ChiapasZoque	94_water	n ə ʔ	copa1236	zoc	948	WATER	94_water-1	
110	ChiapasZoque-95_we-1	ChiapasZoque	95_we	t ə h	copa1236	zoc	1212	WE	95_we-3	
111	ChiapasZoque-96_what-1	ChiapasZoque	96_what	t i j ə	copa1236	zoc	1236	WHAT	96_what-1	
112	ChiapasZoque-97_white-1	ChiapasZoque	97_white	p o p o	copa1236	zoc	1335	WHITE	97_white-1	
113	ChiapasZoque-98_who-1	ChiapasZoque	98_who	i + w ə	copa1236	zoc	1235	WHO	98_who-2	
114	ChiapasZoque-99_woman-1	ChiapasZoque	99_woman	j o m o	copa1236	zoc	962	WOMAN	99_woman-4	
115	ChiapasZoque-9_blood-1	ChiapasZoque	9_blood	n ə ʔ p i n	copa1236	zoc	946	BLOOD	9_blood-1	
116	LowlandMixe-100_yellow-1	LowlandMixe	100_yellow	p u ʔ ts	coat1238	mco	1424	YELLOW	100_yellow-1	
117	LowlandMixe-101_far-1	LowlandMixe	101_far	h ə g e m	coat1238	mco	1406	FAR	101_far-1	
118	LowlandMixe-102_heavy-1	LowlandMixe	102_heavy	h e m ʃ j	coat1238	mco	1210	HEAVY	102_heavy-2	
119	LowlandMixe-103_near-1	LowlandMixe	103_near	w i n g o n	coat1238	mco	1942	NEAR	103_near-1	
120	LowlandMixe-104_salt-1	LowlandMixe	104_salt	k aː n	coat1238	mco	1274	SALT	104_salt-1	
121	LowlandMixe-105_short-1	LowlandMixe	105_short	k o n	coat1238	mco	1645	SHORT	105_short-1	
122	LowlandMixe-106_snake-1	LowlandMixe	106_snake	ts a ʔ n j	coat1238	mco	730	SNAKE	106_snake-1	
123	LowlandMixe-107_thin-1	LowlandMixe	107_thin	p e h j	coat1238	mco	2308	THIN	107_thin-1	
124	LowlandMixe-108_wind-1	LowlandMixe	108_wind	p o h	coat1238	mco	960	WIND	108_wind-1	
125	LowlandMixe-109_worm-1	LowlandMixe	109_worm	t ə n g	coat1238	mco	1219	WORM	109_worm-2	
126	LowlandMixe-10_bone-1	LowlandMixe	10_bone	p a h k	coat1238	mco	1394	BONE	10_bone-1	
127	LowlandMixe-110_year-1	LowlandMixe	110_year	h ə m ə h t	coat1238	mco	1226	YEAR	110_year-1	
131	LowlandMixe-14_cloud-1	LowlandMixe	14_cloud	h o k	coat1238	mco	1489	CLOUD	14_cloud-2	
133	LowlandMixe-16_come-1	LowlandMixe	16_come	m i n	coat1238	mco	1446	COME	16_come-2	
134	LowlandMixe-17_die-1	LowlandMixe	17_die	o ʔ o k	coat1238	mco	1494	DIE	17_die-1	
135	LowlandMixe-18_dog-1	LowlandMixe	18_dog	u k	coat1238	mco	2009	DOG	18_dog-1	
136	LowlandMixe-19_drink-1	LowlandMixe	19_drink	u k	coat1238	mco	1401	DRINK	19_drink-1	
137	LowlandMixe-1_all-1	LowlandMixe	1_all	t u ʔ u k + ʔ o k ə j	coat1238	mco	98	ALL	1_all-2	
138	LowlandMixe-20_dry-1	LowlandMixe	20_dry	t ə ʔ ə ts	coat1238	mco	1398	DRY	20_dry-1	
139	LowlandMixe-21_ear-1	LowlandMixe	21_ear	t ə ts ʔ a k	coat1238	mco	1247	EAR	21_ear-1	
140	LowlandMixe-22_earth-1	LowlandMixe	22_earth	n aː ʃ	coat1238	mco	1228	EARTH (SOIL)	22_earth-1	
141	LowlandMixe-23_eat-1	LowlandMixe	23_eat	k a j	coat1238	mco	1336	EAT	23_eat-2	
142	LowlandMixe-24_egg-1	LowlandMixe	24_egg	t u ʔ u t j	coat1238	mco	744	EGG	24_egg-1	
143	LowlandMixe-25_eye-1	LowlandMixe	25_eye	w iː n	coat1238	mco	1248	EYE	25_eye-1	
145	LowlandMixe-27_feather-1	LowlandMixe	27_feather	ts e j ɲ i ʔ i + b ə h k	coat1238	mco	1201	FEATHER	27_feather-2	
146	LowlandMixe-28_fire-1	LowlandMixe	28_fire	h əː n	coat1238	mco	221	FIRE	10	
147	LowlandMixe-29_fish-1	LowlandMixe	29_fish	a k ʃ	coat1238	mco	227	FISH	29_fish-1	
148	LowlandMixe-2_ashes-1	LowlandMixe	2_ashes	k u j + h aː m	coat1238	mco	646	ASH	2_ashes-1	
149	LowlandMixe-30_flyv-1	LowlandMixe	30_flyv	k eː k	coat1238	mco	1441	FLY (MOVE THROUGH AIR)	30_flyv-2	
150	LowlandMixe-31_foot-1	LowlandMixe	31_foot	t e k j	coat1238	mco	1301	FOOT	31_foot-1	
152	LowlandMixe-33_give-1	LowlandMixe	33_give	m o ʔ	coat1238	mco	1447	GIVE	33_give-1	
153	LowlandMixe-34_good-1	LowlandMixe	34_good	o j	coat1238	mco	1035	GOOD	34_good-1	
154	LowlandMixe-35_green-1	LowlandMixe	35_green	ts u ʃ	coat1238	mco	1425	GREEN	35_green-1	
155	LowlandMixe-36_hair-1	LowlandMixe	36_hair	w aː j	coat1238	mco	1040	HAIR	36_hair-1	
156	LowlandMixe-37_hand-1	LowlandMixe	37_hand	k ə ʔ	coat1238	mco	1277	HAND	37_hand-1	
157	LowlandMixe-38_head-1	LowlandMixe	38_head	k o w a h k	coat1238	mco	1256	HEAD	38_head-1	
158	LowlandMixe-39_hear-1	LowlandMixe	39_hear	m ə d oː g u g ə ʔ	coat1238	mco	1408	HEAR	39_hear-1	
159	LowlandMixe-3_bark-1	LowlandMixe	3_bark	a k	coat1238	mco	1204	BARK	3_bark-1	
160	LowlandMixe-40_heart-1	LowlandMixe	40_heart	h uː k j + h o t	coat1238	mco	1223	HEART	40_heart-2	
162	LowlandMixe-42_i-1	LowlandMixe	42_i	əː tʃ	coat1238	mco	1209	I	42_i-1	
163	LowlandMixe-43_kill-1	LowlandMixe	43_kill	j a h + ʔ o ʔ o k	coat1238	mco	1417	KILL	43_kill-1	
166	LowlandMixe-46_leaf-1	LowlandMixe	46_leaf	aː j	coat1238	mco	628	LEAF	46_leaf-1	
167	LowlandMixe-47_lie-1	LowlandMixe	47_lie	k o ʔ o k	coat1238	mco	1411	LIE (REST)	47_lie-2	
168	LowlandMixe-48_liver-1	LowlandMixe	48_liver	h o t	coat1238	mco	1224	LIVER	48_liver-1	
169	LowlandMixe-49_long-1	LowlandMixe	49_long	j oː n j	coat1238	mco	1203	LONG	49_long-2	
170	LowlandMixe-4_belly-1	LowlandMixe	4_belly	m o ʔ o ʃ a k	coat1238	mco	1251	BELLY	4_belly-2	
171	LowlandMixe-50_louse-1	LowlandMixe	50_louse	aː d	coat1238	mco	1392	LOUSE	50_louse-1	
173	LowlandMixe-52_many-1	LowlandMixe	52_many	m a j	coat1238	mco	1198	MANY	52_many-1	
176	LowlandMixe-55_mountain-1	LowlandMixe	55_mountain	k o ʔ o g o p	coat1238	mco	639	MOUNTAIN	55_mountain-1	
177	LowlandMixe-55_mountain-2	LowlandMixe	55_mountain	k o p	coat1238	mco	639	MOUNTAIN	55_mountain-1	
178	LowlandMixe-56_mouth-1	LowlandMixe	56_mouth	aː w a k	coat1238	mco	674	MOUTH	56_mouth-1	
179	LowlandMixe-57_name-1	LowlandMixe	57_name	ʃ əː	coat1238	mco	1405	NAME	57_name-1	
180	LowlandMixe-58_neck-1	LowlandMixe	58_neck	j o ʔ o k + p a h k	coat1238	mco	1333	NECK	58_neck-1	
181	LowlandMixe-59_new-1	LowlandMixe	59_new	h e m j	coat1238	mco	1231	NEW	59_new-2	
182	LowlandMixe-5_big-1	LowlandMixe	5_big	m ə h	coat1238	mco	1202	BIG	5_big-1	
183	LowlandMixe-60_night-1	LowlandMixe	60_night	a d z uː ʔ ə ʔ	coat1238	mco	1233	NIGHT	60_night-1	
184	LowlandMixe-61_nose-1	LowlandMixe	61_nose	h ə h p + p u t	coat1238	mco	1221	NOSE	61_nose-1	
185	LowlandMixe-62_not-1	LowlandMixe	62_not	k a ʔ	coat1238	mco	1240	NOT	62_not-1	
186	LowlandMixe-63_one-1	LowlandMixe	63_one	t u ʔ u k	coat1238	mco	1493	ONE	63_one-1	
187	LowlandMixe-64_person-1	LowlandMixe	64_person	h ə j	coat1238	mco	683	PERSON	64_person-1	
189	LowlandMixe-66_red-1	LowlandMixe	66_red	ts a p ts	coat1238	mco	156	RED	66_red-1	
190	LowlandMixe-67_road-1	LowlandMixe	67_road	t u ʔ	coat1238	mco	667	ROAD	67_road-1	
191	LowlandMixe-68_root-1	LowlandMixe	68_root	t i k ts	coat1238	mco	670	ROOT	68_root-2	
193	LowlandMixe-6_bird-1	LowlandMixe	6_bird	h oː n	coat1238	mco	937	BIRD	6_bird-2	
194	LowlandMixe-70_sand-1	LowlandMixe	70_sand	p u ʔ	coat1238	mco	671	SAND	70_sand-1	
195	LowlandMixe-71_say-1	LowlandMixe	71_say	m ə n a ʔ n	coat1238	mco	1458	SAY	71_say-2	
196	LowlandMixe-72_see-1	LowlandMixe	72_see	i ʃ	coat1238	mco	1409	SEE	72_see-1	
197	LowlandMixe-73_seed-1	LowlandMixe	73_seed	p a h k	coat1238	mco	714	SEED	73_seed-2	
198	LowlandMixe-74_sit-1	LowlandMixe	74_sit	i n j ə j	coat1238	mco	1416	SIT	74_sit-2	
199	LowlandMixe-74_sit-2	LowlandMixe	74_sit	i ʃ t a k	coat1238	mco	1416	SIT	74_sit-2	
201	LowlandMixe-76_sleep-1	LowlandMixe	76_sleep	m a ʔ	coat1238	mco	1585	SLEEP	76_sleep-1	
202	LowlandMixe-77_small-1	LowlandMixe	77_small	m u ts	coat1238	mco	1246	SMALL	77_small-2	
204	LowlandMixe-79_stand-1	LowlandMixe	79_stand	t e n aː j	coat1238	mco	1442	STAND	79_stand-1	
205	LowlandMixe-7_bite-1	LowlandMixe	7_bite	n oː ts	coat1238	mco	1403	BITE	7_bite-2	
206	LowlandMixe-80_star-1	LowlandMixe	80_star	m a d z a ʔ	coat1238	mco	1430	STAR	80_star-1	
207	LowlandMixe-81_stone-1	LowlandMixe	81_stone	ts aː	coat1238	mco	857	STONE	81_stone-1	
208	LowlandMixe-82_sun-1	LowlandMixe	82_sun	ʃ əː	coat1238	mco	1343	SUN	82_sun-1	
209	LowlandMixe-83_swim-1	LowlandMixe	83_swim	j aː b	coat1238	mco	1439	SWIM	83_swim-2	
210	LowlandMixe-84_tail-1	LowlandMixe	84_tail	p i ʔ i ʃ j	coat1238	mco	1220	TAIL	84_tail-2	
211	LowlandMixe-85_that-1	LowlandMixe	85_that	h e h ə m b ə	coat1238	mco	78	THAT	85_that-2	
212	LowlandMixe-86_this-1	LowlandMixe	86_this	h a d a ʔ	coat1238	mco	1214	THIS	86_this-2	
213	LowlandMixe-87_thou-1	LowlandMixe	87_thou	m iː tʃ	coat1238	mco	1215	THOU	87_thou-1	
214	LowlandMixe-88_tongue-1	LowlandMixe	88_tongue	t oː ts	coat1238	mco	1205	TONGUE	88_tongue-1	
215	LowlandMixe-89_tooth-1	LowlandMixe	89_tooth	t əː ts	coat1238	mco	1380	TOOTH	89_tooth-1	
216	LowlandMixe-8_black-1	LowlandMixe	8_black	j i k	coat1238	mco	163	BLACK	8_black-1	
217	LowlandMixe-90_tree-1	LowlandMixe	90_tree	k i p j	coat1238	mco	906	TREE	90_tree-1	
218	LowlandMixe-91_two-1	LowlandMixe	91_two	m e ts	coat1238	mco	1498	TWO	91_two-1	
219	LowlandMixe-92_walkgo-1	LowlandMixe	92_walkgo	j o ʔ o j	coat1238	mco	1443	WALK	92_walkgo-1	
221	LowlandMixe-94_water-1	LowlandMixe	94_water	n əː	coat1238	mco	948	WATER	94_water-1	
222	LowlandMixe-95_we-1	LowlandMixe	95_we	əː tʃ + a h t	coat1238	mco	1212	WE	95_we-1	
223	LowlandMixe-96_what-1	LowlandMixe	96_what	t i	coat1238	mco	1236	WHAT	96_what-1	
224	LowlandMixe-97_white-1	LowlandMixe	97_white	p oː b	coat1238	mco	1335	WHITE	97_white-1	
225	LowlandMixe-98_who-1	LowlandMixe	98_who	p ə n	coat1238	mco	1235	WHO	98_who-1	
226	LowlandMixe-99_woman-1	LowlandMixe	99_woman	t o ʔ o ʃ j h ə j	coat1238	mco	962	WOMAN	99_woman-2	
227	LowlandMixe-9_blood-1	LowlandMixe	9_blood	n ə ʔ p j	coat1238	mco	946	BLOOD	9_blood-1	
228	NorthHighlandMixe-100_yellow-1	NorthHighlandMixe	100_yellow	p υ/ʊ ʔ ts	toto1305	mto	1424	YELLOW	100_yellow-1	
229	NorthHighlandMixe-101_far-1	NorthHighlandMixe	101_far	h e k u m	toto1305	mto	1406	FAR	101_far-1	
230	NorthHighlandMixe-102_heavy-1	NorthHighlandMixe	102_heavy	h e m ɨ ts	toto1305	mto	1210	HEAVY	102_heavy-1	
231	NorthHighlandMixe-103_near-1	NorthHighlandMixe	103_near	t ə m h i	toto1305	mto	1942	NEAR	103_near-2	
232	NorthHighlandMixe-104_salt-1	NorthHighlandMixe	104_salt	k aː n	toto1305	mto	1274	SALT	104_salt-1	
233	NorthHighlandMixe-105_short-1	NorthHighlandMixe	105_short	k o n a	toto1305	mto	1645	SHORT	105_short-1	
234	NorthHighlandMixe-106_snake-1	NorthHighlandMixe	106_snake	ts aː ʔ n	toto1305	mto	730	SNAKE	106_snake-1	
235	NorthHighlandMixe-107_thin-1	NorthHighlandMixe	107_thin	p e h i	toto1305	mto	2308	THIN	107_thin-1	
236	NorthHighlandMixe-108_wind-1	NorthHighlandMixe	108_wind	p o h	toto1305	mto	960	WIND	108_wind-1	
237	NorthHighlandMixe-109_worm-1	NorthHighlandMixe	109_worm	n a ʃ + ts aː ʔ n	toto1305	mto	1219	WORM	109_worm-1	
238	NorthHighlandMixe-10_bone-1	NorthHighlandMixe	10_bone	p a h k	toto1305	mto	1394	BONE	10_bone-1	
239	NorthHighlandMixe-110_year-1	NorthHighlandMixe	110_year	h υː/ʊː h n t	toto1305	mto	1226	YEAR	110_year-1	
245	NorthHighlandMixe-14_cloud-1	NorthHighlandMixe	14_cloud	v i n ɨ ts	toto1305	mto	1489	CLOUD	14_cloud-1	
247	NorthHighlandMixe-16_come-1	NorthHighlandMixe	16_come	m ɛ ts	toto1305	mto	1446	COME	16_come-1	
248	NorthHighlandMixe-16_come-2	NorthHighlandMixe	16_come	m ɛ h ts	toto1305	mto	1446	COME	16_come-1	
249	NorthHighlandMixe-17_die-1	NorthHighlandMixe	17_die	oː ʔ k	toto1305	mto	1494	DIE	17_die-1	
250	NorthHighlandMixe-18_dog-1	NorthHighlandMixe	18_dog	υ/ʊ k	toto1305	mto	2009	DOG	18_dog-1	
251	NorthHighlandMixe-19_drink-1	NorthHighlandMixe	19_drink	υː/ʊː k	toto1305	mto	1401	DRINK	19_drink-1	
252	NorthHighlandMixe-1_all-1	NorthHighlandMixe	1_all	n ə h υ/ʊ m	toto1305	mto	98	ALL	1_all-1	
253	NorthHighlandMixe-20_dry-1	NorthHighlandMixe	20_dry	t ə ʔ ə h ts	toto1305	mto	1398	DRY	20_dry-1	
254	NorthHighlandMixe-21_ear-1	NorthHighlandMixe	21_ear	t aː ts k	toto1305	mto	1247	EAR	21_ear-1	
255	NorthHighlandMixe-22_earth-1	NorthHighlandMixe	22_earth	n aː ʃ	toto1305	mto	1228	EARTH (SOIL)	22_earth-1	
256	NorthHighlandMixe-23_eat-1	NorthHighlandMixe	23_eat	k a j	toto1305	mto	1336	EAT	23_eat-1	
257	NorthHighlandMixe-24_egg-1	NorthHighlandMixe	24_egg	t u ʔ u t	toto1305	mto	744	EGG	24_egg-1	
258	NorthHighlandMixe-25_eye-1	NorthHighlandMixe	25_eye	v iː h n	toto1305	mto	1248	EYE	25_eye-1	
260	NorthHighlandMixe-27_feather-1	NorthHighlandMixe	27_feather	p a h k	toto1305	mto	1201	FEATHER	27_feather-1	
261	NorthHighlandMixe-28_fire-1	NorthHighlandMixe	28_fire	h əː h n	toto1305	mto	221	FIRE	28_fire-1	
262	NorthHighlandMixe-29_fish-1	NorthHighlandMixe	29_fish	a h k ʃ	toto1305	mto	227	FISH	29_fish-1	
263	NorthHighlandMixe-2_ashes-1	NorthHighlandMixe	2_ashes	h aː h m	toto1305	mto	646	ASH	2_ashes-2	
264	NorthHighlandMixe-30_flyv-1	NorthHighlandMixe	30_flyv	h ɛ j	toto1305	mto	1441	FLY (MOVE THROUGH AIR)	30_flyv-1	
265	NorthHighlandMixe-30_flyv-2	NorthHighlandMixe	30_flyv	h ɛ ɛ j	toto1305	mto	1441	FLY (MOVE THROUGH AIR)	30_flyv-1	
266	NorthHighlandMixe-31_foot-1	NorthHighlandMixe	31_foot	t e k	toto1305	mto	1301	FOOT	31_foot-1	
268	NorthHighlandMixe-33_give-1	NorthHighlandMixe	33_give	m ə ʔ ə	toto1305	mto	1447	GIVE	33_give-1	
269	NorthHighlandMixe-34_good-1	NorthHighlandMixe	34_good	o j	toto1305	mto	1035	GOOD	34_good-1	
270	NorthHighlandMixe-35_green-1	NorthHighlandMixe	35_green	ts υ/ʊ ʃ k	toto1305	mto	1425	GREEN	35_green-1	
271	NorthHighlandMixe-36_hair-1	NorthHighlandMixe	36_hair	v aː h j	toto1305	mto	1040	HAIR	36_hair-1	
272	NorthHighlandMixe-37_hand-1	NorthHighlandMixe	37_hand	k ə ʔ ə	toto1305	mto	1277	HAND	37_hand-1	
273	NorthHighlandMixe-38_head-1	NorthHighlandMixe	38_head	k u v a h k	toto1305	mto	1256	HEAD	38_head-1	
274	NorthHighlandMixe-39_hear-1	NorthHighlandMixe	39_hear	m o t u	toto1305	mto	1408	HEAR	39_hear-1	
275	NorthHighlandMixe-3_bark-1	NorthHighlandMixe	3_bark	k ɨ p + a k	toto1305	mto	1204	BARK	3_bark-1	
276	NorthHighlandMixe-40_heart-1	NorthHighlandMixe	40_heart	h a ʔ v i n	toto1305	mto	1223	HEART	40_heart-1	
278	NorthHighlandMixe-42_i-1	NorthHighlandMixe	42_i	ə ts	toto1305	mto	1209	I	42_i-1	
279	NorthHighlandMixe-43_kill-1	NorthHighlandMixe	43_kill	j a k + ʔ oː k	toto1305	mto	1417	KILL	43_kill-1	
280	NorthHighlandMixe-43_kill-2	NorthHighlandMixe	43_kill	j a k + ʔ oː ʔ k	toto1305	mto	1417	KILL	43_kill-1	
283	NorthHighlandMixe-46_leaf-1	NorthHighlandMixe	46_leaf	aː h j	toto1305	mto	628	LEAF	46_leaf-1	
284	NorthHighlandMixe-47_lie-1	NorthHighlandMixe	47_lie	m a ʔ v a	toto1305	mto	1411	LIE (REST)	47_lie-1	
285	NorthHighlandMixe-48_liver-1	NorthHighlandMixe	48_liver	n əː + h oː t	toto1305	mto	1224	LIVER	48_liver-1	
286	NorthHighlandMixe-49_long-1	NorthHighlandMixe	49_long	j ə n	toto1305	mto	1203	LONG	49_long-1	
287	NorthHighlandMixe-4_belly-1	NorthHighlandMixe	4_belly	t iː n ts	toto1305	mto	1251	BELLY	4_belly-1	
288	NorthHighlandMixe-50_louse-1	NorthHighlandMixe	50_louse	əː ʔ ts	toto1305	mto	1392	LOUSE	50_louse-1	
290	NorthHighlandMixe-52_many-1	NorthHighlandMixe	52_many	m a j	toto1305	mto	1198	MANY	52_many-1	
293	NorthHighlandMixe-55_mountain-1	NorthHighlandMixe	55_mountain	k o p k	toto1305	mto	639	MOUNTAIN	55_mountain-1	
294	NorthHighlandMixe-56_mouth-1	NorthHighlandMixe	56_mouth	aː h	toto1305	mto	674	MOUTH	56_mouth-1	
295	NorthHighlandMixe-57_name-1	NorthHighlandMixe	57_name	ʃ əː	toto1305	mto	1405	NAME	57_name-1	
296	NorthHighlandMixe-58_neck-1	NorthHighlandMixe	58_neck	j o ʔ k t	toto1305	mto	1333	NECK	58_neck-1	
297	NorthHighlandMixe-59_new-1	NorthHighlandMixe	59_new	n a m	toto1305	mto	1231	NEW	59_new-1	
298	NorthHighlandMixe-5_big-1	NorthHighlandMixe	5_big	m ə h	toto1305	mto	1202	BIG	5_big-1	
299	NorthHighlandMixe-60_night-1	NorthHighlandMixe	60_night	ts υː/ʊː	toto1305	mto	1233	NIGHT	60_night-2	
300	NorthHighlandMixe-61_nose-1	NorthHighlandMixe	61_nose	h ə h p	toto1305	mto	1221	NOSE	61_nose-1	
301	NorthHighlandMixe-62_not-1	NorthHighlandMixe	62_not	k a ʔ a	toto1305	mto	1240	NOT	62_not-1	
302	NorthHighlandMixe-63_one-1	NorthHighlandMixe	63_one	t υ/ʊ ʔ k	toto1305	mto	1493	ONE	63_one-1	
303	NorthHighlandMixe-64_person-1	NorthHighlandMixe	64_person	h a j u	toto1305	mto	683	PERSON	64_person-1	
305	NorthHighlandMixe-66_red-1	NorthHighlandMixe	66_red	ts a p ts	toto1305	mto	156	RED	66_red-1	
306	NorthHighlandMixe-67_road-1	NorthHighlandMixe	67_road	t υː/ʊː ʔ	toto1305	mto	667	ROAD	67_road-1	
307	NorthHighlandMixe-68_root-1	NorthHighlandMixe	68_root	aː ʔ ts	toto1305	mto	670	ROOT	68_root-1	
309	NorthHighlandMixe-6_bird-1	NorthHighlandMixe	6_bird	h əː j v a	toto1305	mto	937	BIRD	6_bird-1	
310	NorthHighlandMixe-70_sand-1	NorthHighlandMixe	70_sand	p υ/ʊ ʔ υ/ʊ	toto1305	mto	671	SAND	70_sand-1	
311	NorthHighlandMixe-71_say-1	NorthHighlandMixe	71_say	v a ʔ a ɲ	toto1305	mto	1458	SAY	71_say-1	
312	NorthHighlandMixe-72_see-1	NorthHighlandMixe	72_see	i ʃ	toto1305	mto	1409	SEE	72_see-1	
313	NorthHighlandMixe-73_seed-1	NorthHighlandMixe	73_seed	t əː m t	toto1305	mto	714	SEED	73_seed-1	
314	NorthHighlandMixe-74_sit-1	NorthHighlandMixe	74_sit	ts ïï/ɨː n a	toto1305	mto	1416	SIT	74_sit-1	
316	NorthHighlandMixe-76_sleep-1	NorthHighlandMixe	76_sleep	m a ʔ a	toto1305	mto	1585	SLEEP	76_sleep-1	
317	NorthHighlandMixe-77_small-1	NorthHighlandMixe	77_small	p i ʔ k	toto1305	mto	1246	SMALL	77_small-1	
319	NorthHighlandMixe-79_stand-1	NorthHighlandMixe	79_stand	t e n a	toto1305	mto	1442	STAND	79_stand-1	
320	NorthHighlandMixe-7_bite-1	NorthHighlandMixe	7_bite	ts u ʔ u ts	toto1305	mto	1403	BITE	7_bite-1	
321	NorthHighlandMixe-80_star-1	NorthHighlandMixe	80_star	m aː ts a	toto1305	mto	1430	STAR	80_star-1	
322	NorthHighlandMixe-81_stone-1	NorthHighlandMixe	81_stone	ts aː	toto1305	mto	857	STONE	81_stone-1	
323	NorthHighlandMixe-82_sun-1	NorthHighlandMixe	82_sun	ʃ əː	toto1305	mto	1343	SUN	82_sun-1	
324	NorthHighlandMixe-83_swim-1	NorthHighlandMixe	83_swim	n ə + v ïï/ɨː ʔ n	toto1305	mto	1439	SWIM	83_swim-1	
325	NorthHighlandMixe-84_tail-1	NorthHighlandMixe	84_tail	t υ/ʊ ʔ ʃ t a	toto1305	mto	1220	TAIL	84_tail-1	
326	NorthHighlandMixe-85_that-1	NorthHighlandMixe	85_that	ʃ iː ʔ	toto1305	mto	78	THAT	85_that-1	
327	NorthHighlandMixe-86_this-1	NorthHighlandMixe	86_this	j ə ʔ ə	toto1305	mto	1214	THIS	86_this-1	
328	NorthHighlandMixe-87_thou-1	NorthHighlandMixe	87_thou	m i ts	toto1305	mto	1215	THOU	87_thou-1	
329	NorthHighlandMixe-88_tongue-1	NorthHighlandMixe	88_tongue	t oː ts	toto1305	mto	1205	TONGUE	88_tongue-1	
330	NorthHighlandMixe-89_tooth-1	NorthHighlandMixe	89_tooth	t əː ts	toto1305	mto	1380	TOOTH	89_tooth-1	
331	NorthHighlandMixe-8_black-1	NorthHighlandMixe	8_black	j ə k	toto1305	mto	163	BLACK	8_black-1	
332	NorthHighlandMixe-90_tree-1	NorthHighlandMixe	90_tree	k ɨ p	toto1305	mto	906	TREE	90_tree-1	
333	NorthHighlandMixe-91_two-1	NorthHighlandMixe	91_two	m e h ts k	toto1305	mto	1498	TWO	91_two-1	
334	NorthHighlandMixe-92_walkgo-1	NorthHighlandMixe	92_walkgo	j o ʔ o j	toto1305	mto	1443	WALK	92_walkgo-1	
336	NorthHighlandMixe-94_water-1	NorthHighlandMixe	94_water	n əː	toto1305	mto	948	WATER	94_water-1	
337	NorthHighlandMixe-95_we-1	NorthHighlandMixe	95_we	əː ts	toto1305	mto	1212	WE	95_we-1	
338	NorthHighlandMixe-96_what-1	NorthHighlandMixe	96_what	t i	toto1305	mto	1236	WHAT	96_what-1	
339	NorthHighlandMixe-97_white-1	NorthHighlandMixe	97_white	p oː ʔ p	toto1305	mto	1335	WHITE	97_white-1	
340	NorthHighlandMixe-98_who-1	NorthHighlandMixe	98_who	p ə n	toto1305	mto	1235	WHO	98_who-1	
341	NorthHighlandMixe-99_woman-1	NorthHighlandMixe	99_woman	t ə ʔ ə ʃ t ə h k	toto1305	mto	962	WOMAN	99_woman-1	
342	NorthHighlandMixe-9_blood-1	NorthHighlandMixe	9_blood	n ïï/ɨː ʔ p u n	toto1305	mto	946	BLOOD	9_blood-1	
343	OlutaPopoluca-100_yellow-1	OlutaPopoluca	100_yellow	p u ʔ s + p u ʔ s	olut1240	plo	1424	YELLOW	100_yellow-1	
344	OlutaPopoluca-101_far-1	OlutaPopoluca	101_far	h e ʃ k e ʔ k e ʔ k	olut1240	plo	1406	FAR	101_far-3	
345	OlutaPopoluca-103_near-1	OlutaPopoluca	103_near	t o m e ʔ k	olut1240	plo	1942	NEAR	103_near-2	
346	OlutaPopoluca-104_salt-1	OlutaPopoluca	104_salt	k aː n a	olut1240	plo	1274	SALT	104_salt-1	
347	OlutaPopoluca-105_short-1	OlutaPopoluca	105_short	k o n o ʔ k	olut1240	plo	1645	SHORT	105_short-1	
348	OlutaPopoluca-106_snake-1	OlutaPopoluca	106_snake	ts a n a ʔ j	olut1240	plo	730	SNAKE	106_snake-1	
349	OlutaPopoluca-107_thin-1	OlutaPopoluca	107_thin	h ə t ə ʔ t	olut1240	plo	2308	THIN	107_thin-2	
350	OlutaPopoluca-107_thin-2	OlutaPopoluca	107_thin	n iː p a k ə	olut1240	plo	2308	THIN	107_thin-2	
351	OlutaPopoluca-107_thin-3	OlutaPopoluca	107_thin	p a k ə	olut1240	plo	2308	THIN	107_thin-2	
352	OlutaPopoluca-108_wind-1	OlutaPopoluca	108_wind	h aː m u	olut1240	plo	960	WIND	108_wind-3	
353	OlutaPopoluca-109_worm-1	OlutaPopoluca	109_worm	k u m u	olut1240	plo	1219	WORM	109_worm-4	
354	OlutaPopoluca-10_bone-1	OlutaPopoluca	10_bone	p a k ə	olut1240	plo	1394	BONE	10_bone-1	
355	OlutaPopoluca-110_year-1	OlutaPopoluca	110_year	ʃ i v i ʔ t	olut1240	plo	1226	YEAR	110_year-2	
358	OlutaPopoluca-14_cloud-1	OlutaPopoluca	14_cloud	v i n + h o j e ʔ k	olut1240	plo	1489	CLOUD	14_cloud-1	
360	OlutaPopoluca-16_come-1	OlutaPopoluca	16_come	m i n	olut1240	plo	1446	COME	16_come-3	
361	OlutaPopoluca-16_come-2	OlutaPopoluca	16_come	m i ʔ n	olut1240	plo	1446	COME	16_come-3	
362	OlutaPopoluca-17_die-1	OlutaPopoluca	17_die	oː k	olut1240	plo	1494	DIE	17_die-1	
363	OlutaPopoluca-18_dog-1	OlutaPopoluca	18_dog	ʃ u ʔ n i	olut1240	plo	2009	DOG	18_dog-3	
364	OlutaPopoluca-19_drink-1	OlutaPopoluca	19_drink	uː k	olut1240	plo	1401	DRINK	19_drink-2	
365	OlutaPopoluca-1_all-1	OlutaPopoluca	1_all	n i ʔ t i ʔ k	olut1240	plo	98	ALL	1_all-4	
366	OlutaPopoluca-20_dry-1	OlutaPopoluca	20_dry	t ə ʔ ə ʔ s	olut1240	plo	1398	DRY	20_dry-1	
367	OlutaPopoluca-21_ear-1	OlutaPopoluca	21_ear	t aː ts əː k	olut1240	plo	1247	EAR	21_ear-1	
368	OlutaPopoluca-22_earth-1	OlutaPopoluca	22_earth	n aː ʃ ə	olut1240	plo	1228	EARTH (SOIL)	22_earth-1	
369	OlutaPopoluca-23_eat-1	OlutaPopoluca	23_eat	k a j	olut1240	plo	1336	EAT	23_eat-2	
370	OlutaPopoluca-24_egg-1	OlutaPopoluca	24_egg	t u ʔ t i ʔ k	olut1240	plo	744	EGG	24_egg-1	
371	OlutaPopoluca-25_eye-1	OlutaPopoluca	25_eye	v i n ə	olut1240	plo	1248	EYE	25_eye-1	
373	OlutaPopoluca-27_feather-1	OlutaPopoluca	27_feather	p ə k ə	olut1240	plo	1201	FEATHER	27_feather-1	
374	OlutaPopoluca-28_fire-1	OlutaPopoluca	28_fire	h ə n ə	olut1240	plo	221	FIRE	28_fire-1	
375	OlutaPopoluca-29_fish-1	OlutaPopoluca	29_fish	k o ʔ k e	olut1240	plo	227	FISH	29_fish-2	
376	OlutaPopoluca-2_ashes-1	OlutaPopoluca	2_ashes	h a m ə	olut1240	plo	646	ASH	2_ashes-2	
377	OlutaPopoluca-30_flyv-1	OlutaPopoluca	30_flyv	n a p a p	olut1240	plo	1441	FLY (MOVE THROUGH AIR)	30_flyv-3	
378	OlutaPopoluca-31_foot-1	OlutaPopoluca	31_foot	k ə ʔ ʃ t a	olut1240	plo	1301	FOOT	31_foot-3	
380	OlutaPopoluca-33_give-1	OlutaPopoluca	33_give	m o j	olut1240	plo	1447	GIVE	33_give-1	
381	OlutaPopoluca-33_give-2	OlutaPopoluca	33_give	m o ʔ	olut1240	plo	1447	GIVE	33_give-1	
382	OlutaPopoluca-34_good-1	OlutaPopoluca	34_good	o j a	olut1240	plo	1035	GOOD	34_good-1	
383	OlutaPopoluca-35_green-1	OlutaPopoluca	35_green	t u ʃ u ʔ k	olut1240	plo	1425	GREEN	35_green-1	
384	OlutaPopoluca-36_hair-1	OlutaPopoluca	36_hair	p ə k ə	olut1240	plo	1040	HAIR	36_hair-1	
385	OlutaPopoluca-37_hand-1	OlutaPopoluca	37_hand	k ə ʔ	olut1240	plo	1277	HAND	37_hand-1	
386	OlutaPopoluca-38_head-1	OlutaPopoluca	38_head	k o ʔ p a ʔ k	olut1240	plo	1256	HEAD	38_head-1	
387	OlutaPopoluca-39_hear-1	OlutaPopoluca	39_hear	m o t o v	olut1240	plo	1408	HEAR	39_hear-1	
388	OlutaPopoluca-40_heart-1	OlutaPopoluca	40_heart	h u t u k o t ə	olut1240	plo	1223	HEART	40_heart-2	
390	OlutaPopoluca-42_i-1	OlutaPopoluca	42_i	əː s	olut1240	plo	1209	I	42_i-1	
391	OlutaPopoluca-43_kill-1	OlutaPopoluca	43_kill	j a k + oː k	olut1240	plo	1417	KILL	43_kill-1	
394	OlutaPopoluca-46_leaf-1	OlutaPopoluca	46_leaf	a j ə	olut1240	plo	628	LEAF	46_leaf-1	
395	OlutaPopoluca-47_lie-1	OlutaPopoluca	47_lie	ʃ o k	olut1240	plo	1411	LIE (REST)	47_lie-4	
396	OlutaPopoluca-48_liver-1	OlutaPopoluca	48_liver	t ə ʔ s h o t ə	olut1240	plo	1224	LIVER	48_liver-1	
397	OlutaPopoluca-49_long-1	OlutaPopoluca	49_long	j o n e ʔ k	olut1240	plo	1203	LONG	49_long-4	
398	OlutaPopoluca-4_belly-1	OlutaPopoluca	4_belly	p u ʔ p u	olut1240	plo	1251	BELLY	4_belly-3	
399	OlutaPopoluca-50_louse-1	OlutaPopoluca	50_louse	aː v a ʔ t	olut1240	plo	1392	LOUSE	50_louse-2	
401	OlutaPopoluca-52_many-1	OlutaPopoluca	52_many	p a ʔ k o	olut1240	plo	1198	MANY	52_many-2	
402	OlutaPopoluca-52_many-2	OlutaPopoluca	52_many	t a ʔ n a	olut1240	plo	1198	MANY	52_many-2	
405	OlutaPopoluca-55_mountain-1	OlutaPopoluca	55_mountain	k o p a ʔ k	olut1240	plo	639	MOUNTAIN	55_mountain-1	
406	OlutaPopoluca-56_mouth-1	OlutaPopoluca	56_mouth	a v ə	olut1240	plo	674	MOUTH	56_mouth-1	
407	OlutaPopoluca-57_name-1	OlutaPopoluca	57_name	ʃ ə v ə	olut1240	plo	1405	NAME	57_name-1	
408	OlutaPopoluca-59_new-1	OlutaPopoluca	59_new	n a m ə	olut1240	plo	1231	NEW	59_new-1	
409	OlutaPopoluca-5_big-1	OlutaPopoluca	5_big	t a ʔ n ə k	olut1240	plo	1202	BIG	5_big-2	
410	OlutaPopoluca-60_night-1	OlutaPopoluca	60_night	ts u h ə	olut1240	plo	1233	NIGHT	60_night-1	
411	OlutaPopoluca-61_nose-1	OlutaPopoluca	61_nose	h ə p ə	olut1240	plo	1221	NOSE	61_nose-1	
412	OlutaPopoluca-62_not-1	OlutaPopoluca	62_not	ə ʔ ə	olut1240	plo	1240	NOT	62_not-2	
413	OlutaPopoluca-63_one-1	OlutaPopoluca	63_one	t u ʔ k	olut1240	plo	1493	ONE	63_one-1	
414	OlutaPopoluca-64_person-1	OlutaPopoluca	64_person	h a j k a ʔ k	olut1240	plo	683	PERSON	64_person-1	
416	OlutaPopoluca-66_red-1	OlutaPopoluca	66_red	ts a p a ʔ s	olut1240	plo	156	RED	66_red-1	
417	OlutaPopoluca-67_road-1	OlutaPopoluca	67_road	t u ʔ a ʔʷ	olut1240	plo	667	ROAD	67_road-1	
418	OlutaPopoluca-68_root-1	OlutaPopoluca	68_root	tʃ i s ts ə ʔʷ	olut1240	plo	670	ROOT	68_root-2	
419	OlutaPopoluca-6_bird-1	OlutaPopoluca	6_bird	m uː ʃ i	olut1240	plo	937	BIRD	6_bird-3	
420	OlutaPopoluca-70_sand-1	OlutaPopoluca	70_sand	p u ʔ ə	olut1240	plo	671	SAND	70_sand-1	
421	OlutaPopoluca-71_say-1	OlutaPopoluca	71_say	n ə m	olut1240	plo	1458	SAY	71_say-3	
422	OlutaPopoluca-72_see-1	OlutaPopoluca	72_see	ʔ eː p	olut1240	plo	1409	SEE	72_see-1	
423	OlutaPopoluca-73_seed-1	OlutaPopoluca	73_seed	p a k ə	olut1240	plo	714	SEED	73_seed-2	
424	OlutaPopoluca-74_sit-1	OlutaPopoluca	74_sit	h uː n iː	olut1240	plo	1416	SIT	74_sit-3	
426	OlutaPopoluca-76_sleep-1	OlutaPopoluca	76_sleep	m aː	olut1240	plo	1585	SLEEP	76_sleep-1	
427	OlutaPopoluca-76_sleep-2	OlutaPopoluca	76_sleep	m aː h	olut1240	plo	1585	SLEEP	76_sleep-1	
428	OlutaPopoluca-76_sleep-3	OlutaPopoluca	76_sleep	m a ʔ h	olut1240	plo	1585	SLEEP	76_sleep-1	
429	OlutaPopoluca-77_small-1	OlutaPopoluca	77_small	tʃ uː tʃ u	olut1240	plo	1246	SMALL	77_small-3	
431	OlutaPopoluca-79_stand-1	OlutaPopoluca	79_stand	t e n i j	olut1240	plo	1442	STAND	79_stand-1	
432	OlutaPopoluca-7_bite-1	OlutaPopoluca	7_bite	ts u ʔ ts	olut1240	plo	1403	BITE	7_bite-4	
433	OlutaPopoluca-80_star-1	OlutaPopoluca	80_star	m aː ts a ʔ a ʔ k	olut1240	plo	1430	STAR	80_star-1	
434	OlutaPopoluca-81_stone-1	OlutaPopoluca	81_stone	ts aː h ə	olut1240	plo	857	STONE	81_stone-1	
435	OlutaPopoluca-82_sun-1	OlutaPopoluca	82_sun	ʃ ə v ə	olut1240	plo	1343	SUN	82_sun-1	
436	OlutaPopoluca-83_swim-1	OlutaPopoluca	83_swim	j u n	olut1240	plo	1439	SWIM	83_swim-3	
437	OlutaPopoluca-84_tail-1	OlutaPopoluca	84_tail	t u ʔ s t a	olut1240	plo	1220	TAIL	84_tail-1	
438	OlutaPopoluca-85_that-1	OlutaPopoluca	85_that	h a m a h	olut1240	plo	78	THAT	85_that-2	
439	OlutaPopoluca-86_this-1	OlutaPopoluca	86_this	h e ʔ	olut1240	plo	1214	THIS	86_this-3	
440	OlutaPopoluca-87_thou-1	OlutaPopoluca	87_thou	m iː s	olut1240	plo	1215	THOU	87_thou-1	
441	OlutaPopoluca-88_tongue-1	OlutaPopoluca	88_tongue	t oː ts ə	olut1240	plo	1205	TONGUE	88_tongue-1	
442	OlutaPopoluca-89_tooth-1	OlutaPopoluca	89_tooth	t əː ts ə	olut1240	plo	1380	TOOTH	89_tooth-1	
443	OlutaPopoluca-8_black-1	OlutaPopoluca	8_black	j ə k ə ʔ k	olut1240	plo	163	BLACK	8_black-2	
444	OlutaPopoluca-90_tree-1	OlutaPopoluca	90_tree	k u j ə	olut1240	plo	906	TREE	90_tree-1	
445	OlutaPopoluca-91_two-1	OlutaPopoluca	91_two	m e s + k o	olut1240	plo	1498	TWO	91_two-1	
446	OlutaPopoluca-92_walkgo-1	OlutaPopoluca	92_walkgo	v i t	olut1240	plo	1443	WALK	92_walkgo-2	
448	OlutaPopoluca-94_water-1	OlutaPopoluca	94_water	n əː h ə	olut1240	plo	948	WATER	94_water-1	
449	OlutaPopoluca-95_we-1	OlutaPopoluca	95_we	ə ts aː t e ʔ k	olut1240	plo	1212	WE	95_we-1	
450	OlutaPopoluca-96_what-1	OlutaPopoluca	96_what	t i	olut1240	plo	1236	WHAT	96_what-1	
451	OlutaPopoluca-97_white-1	OlutaPopoluca	97_white	p oː p o ʔ	olut1240	plo	1335	WHITE	97_white-1	
452	OlutaPopoluca-98_who-1	OlutaPopoluca	98_who	p ə n	olut1240	plo	1235	WHO	98_who-1	
453	OlutaPopoluca-99_woman-1	OlutaPopoluca	99_woman	m a h a w	olut1240	plo	962	WOMAN	99_woman-3	
454	OlutaPopoluca-9_blood-1	OlutaPopoluca	9_blood	n ə ʔ p i ʔ n	olut1240	plo	946	BLOOD	9_blood-1	
455	SanMiguelChimalapaZoque-100_yellow-1	SanMiguelChimalapaZoque	100_yellow	p u ʔ ts + p u ʔ ts	chim1300	zoh	1424	YELLOW	100_yellow-1	
456	SanMiguelChimalapaZoque-101_far-1	SanMiguelChimalapaZoque	101_far	j a h + ə ʔ	chim1300	zoh	1406	FAR	101_far-4	
457	SanMiguelChimalapaZoque-102_heavy-1	SanMiguelChimalapaZoque	102_heavy	h e m e ʔ ts	chim1300	zoh	1210	HEAVY	102_heavy-1	
458	SanMiguelChimalapaZoque-103_near-1	SanMiguelChimalapaZoque	103_near	t o m + e ʔ	chim1300	zoh	1942	NEAR	103_near-2	
459	SanMiguelChimalapaZoque-104_salt-1	SanMiguelChimalapaZoque	104_salt	k a n a	chim1300	zoh	1274	SALT	104_salt-1	
460	SanMiguelChimalapaZoque-105_short-1	SanMiguelChimalapaZoque	105_short	k o n + o ʔ	chim1300	zoh	1645	SHORT	105_short-1	
461	SanMiguelChimalapaZoque-106_snake-1	SanMiguelChimalapaZoque	106_snake	ts a h i n	chim1300	zoh	730	SNAKE	106_snake-1	
462	SanMiguelChimalapaZoque-107_thin-1	SanMiguelChimalapaZoque	107_thin	k i ts a	chim1300	zoh	2308	THIN	107_thin-6	
463	SanMiguelChimalapaZoque-108_wind-1	SanMiguelChimalapaZoque	108_wind	ʃ a w a	chim1300	zoh	960	WIND	108_wind-4	
464	SanMiguelChimalapaZoque-109_worm-1	SanMiguelChimalapaZoque	109_worm	k u m u ʔ	chim1300	zoh	1219	WORM	109_worm-4	
465	SanMiguelChimalapaZoque-10_bone-1	SanMiguelChimalapaZoque	10_bone	p a k	chim1300	zoh	1394	BONE	10_bone-1	
466	SanMiguelChimalapaZoque-110_year-1	SanMiguelChimalapaZoque	110_year	ʔ a m i n t ə ʔ	chim1300	zoh	1226	YEAR	110_year-3	
470	SanMiguelChimalapaZoque-14_cloud-1	SanMiguelChimalapaZoque	14_cloud	ʔ i n + ə ʔ	chim1300	zoh	1489	CLOUD	14_cloud-1	
472	SanMiguelChimalapaZoque-16_come-1	SanMiguelChimalapaZoque	16_come	m i n	chim1300	zoh	1446	COME	16_come-2	
473	SanMiguelChimalapaZoque-17_die-1	SanMiguelChimalapaZoque	17_die	k a ʔ	chim1300	zoh	1494	DIE	17_die-2	
474	SanMiguelChimalapaZoque-18_dog-1	SanMiguelChimalapaZoque	18_dog	n u ʔ	chim1300	zoh	2009	DOG	18_dog-6	
475	SanMiguelChimalapaZoque-19_drink-1	SanMiguelChimalapaZoque	19_drink	ʔ u k	chim1300	zoh	1401	DRINK	19_drink-1	
476	SanMiguelChimalapaZoque-1_all-1	SanMiguelChimalapaZoque	1_all	h e m h i ʔ	chim1300	zoh	98	ALL	1_all-8	
477	SanMiguelChimalapaZoque-20_dry-1	SanMiguelChimalapaZoque	20_dry	t ə ts + i ʔ	chim1300	zoh	1398	DRY	20_dry-1	
478	SanMiguelChimalapaZoque-21_ear-1	SanMiguelChimalapaZoque	21_ear	t a ts ə k	chim1300	zoh	1247	EAR	21_ear-1	
479	SanMiguelChimalapaZoque-22_earth-1	SanMiguelChimalapaZoque	22_earth	n a ʃ	chim1300	zoh	1228	EARTH (SOIL)	22_earth-1	
480	SanMiguelChimalapaZoque-23_eat-1	SanMiguelChimalapaZoque	23_eat	k ə ʃ	chim1300	zoh	1336	EAT	23_eat-3	
481	SanMiguelChimalapaZoque-24_egg-1	SanMiguelChimalapaZoque	24_egg	p o h o ʔ k	chim1300	zoh	744	EGG	24_egg-3	
482	SanMiguelChimalapaZoque-25_eye-1	SanMiguelChimalapaZoque	25_eye	w o t ə m	chim1300	zoh	1248	EYE	25_eye-3	
484	SanMiguelChimalapaZoque-27_feather-1	SanMiguelChimalapaZoque	27_feather	p ə k	chim1300	zoh	1201	FEATHER	27_feather-1	
485	SanMiguelChimalapaZoque-28_fire-1	SanMiguelChimalapaZoque	28_fire	ʔ a ʔ ts + ə ʔ	chim1300	zoh	221	FIRE	28_fire-3	
486	SanMiguelChimalapaZoque-29_fish-1	SanMiguelChimalapaZoque	29_fish	k o k e	chim1300	zoh	227	FISH	29_fish-2	
487	SanMiguelChimalapaZoque-2_ashes-1	SanMiguelChimalapaZoque	2_ashes	k u j + h a m	chim1300	zoh	646	ASH	2_ashes-1	
488	SanMiguelChimalapaZoque-30_flyv-1	SanMiguelChimalapaZoque	30_flyv	j u k + k e k	chim1300	zoh	1441	FLY (MOVE THROUGH AIR)	30_flyv-2	
489	SanMiguelChimalapaZoque-31_foot-1	SanMiguelChimalapaZoque	31_foot	m a ŋ + k u j ʔ	chim1300	zoh	1301	FOOT	31_foot-7	
491	SanMiguelChimalapaZoque-33_give-1	SanMiguelChimalapaZoque	33_give	ts i ʔ	chim1300	zoh	1447	GIVE	33_give-2	
492	SanMiguelChimalapaZoque-34_good-1	SanMiguelChimalapaZoque	34_good	w ə h ə	chim1300	zoh	1035	GOOD	34_good-2	
493	SanMiguelChimalapaZoque-35_green-1	SanMiguelChimalapaZoque	35_green	ts u ʃ	chim1300	zoh	1425	GREEN	35_green-1	
494	SanMiguelChimalapaZoque-36_hair-1	SanMiguelChimalapaZoque	36_hair	w a j ʔ	chim1300	zoh	1040	HAIR	36_hair-1	
495	SanMiguelChimalapaZoque-37_hand-1	SanMiguelChimalapaZoque	37_hand	ts a ŋ + k u j ʔ	chim1300	zoh	1277	HAND	37_hand-2	
496	SanMiguelChimalapaZoque-38_head-1	SanMiguelChimalapaZoque	38_head	k o p a k	chim1300	zoh	1256	HEAD	38_head-1	
497	SanMiguelChimalapaZoque-39_hear-1	SanMiguelChimalapaZoque	39_hear	m a t o ŋ	chim1300	zoh	1408	HEAR	39_hear-1	
498	SanMiguelChimalapaZoque-3_bark-1	SanMiguelChimalapaZoque	3_bark	k u j + n a k a	chim1300	zoh	1204	BARK	3_bark-2	
499	SanMiguelChimalapaZoque-40_heart-1	SanMiguelChimalapaZoque	40_heart	ts o k o j ʔ	chim1300	zoh	1223	HEART	40_heart-3	
501	SanMiguelChimalapaZoque-42_i-1	SanMiguelChimalapaZoque	42_i	d ə + ʃ	chim1300	zoh	1209	I	42_i-2	
502	SanMiguelChimalapaZoque-43_kill-1	SanMiguelChimalapaZoque	43_kill	j a k + ʔ o j	chim1300	zoh	1417	KILL	43_kill-2	
505	SanMiguelChimalapaZoque-46_leaf-1	SanMiguelChimalapaZoque	46_leaf	ʔ a j ʔ	chim1300	zoh	628	LEAF	46_leaf-1	
506	SanMiguelChimalapaZoque-47_lie-1	SanMiguelChimalapaZoque	47_lie	m o ŋ	chim1300	zoh	1411	LIE (REST)	47_lie-7	
507	SanMiguelChimalapaZoque-48_liver-1	SanMiguelChimalapaZoque	48_liver	p a ʔ t	chim1300	zoh	1224	LIVER	48_liver-2	
508	SanMiguelChimalapaZoque-49_long-1	SanMiguelChimalapaZoque	49_long	p ə h + i ʔ	chim1300	zoh	1203	LONG	49_long-5	
509	SanMiguelChimalapaZoque-4_belly-1	SanMiguelChimalapaZoque	4_belly	ts e k	chim1300	zoh	1251	BELLY	4_belly-4	
510	SanMiguelChimalapaZoque-50_louse-1	SanMiguelChimalapaZoque	50_louse	ʔ a w a t	chim1300	zoh	1392	LOUSE	50_louse-2	
512	SanMiguelChimalapaZoque-52_many-1	SanMiguelChimalapaZoque	52_many	ʃ ə h + ə ʔ	chim1300	zoh	1198	MANY	52_many-6	
515	SanMiguelChimalapaZoque-55_mountain-1	SanMiguelChimalapaZoque	55_mountain	k o ts ə k	chim1300	zoh	639	MOUNTAIN	55_mountain-2	
516	SanMiguelChimalapaZoque-56_mouth-1	SanMiguelChimalapaZoque	56_mouth	h ə p	chim1300	zoh	674	MOUTH	56_mouth-3	
517	SanMiguelChimalapaZoque-57_name-1	SanMiguelChimalapaZoque	57_name	n ə h i	chim1300	zoh	1405	NAME	57_name-2	
518	SanMiguelChimalapaZoque-58_neck-1	SanMiguelChimalapaZoque	58_neck	w i n t u ʔ	chim1300	zoh	1333	NECK	58_neck-3	
519	SanMiguelChimalapaZoque-59_new-1	SanMiguelChimalapaZoque	59_new	h o m e ʔ	chim1300	zoh	1231	NEW	59_new-2	
520	SanMiguelChimalapaZoque-5_big-1	SanMiguelChimalapaZoque	5_big	k o m i ʔ	chim1300	zoh	1202	BIG	5_big-5	
521	SanMiguelChimalapaZoque-60_night-1	SanMiguelChimalapaZoque	60_night	ts u ʔ	chim1300	zoh	1233	NIGHT	60_night-1	
522	SanMiguelChimalapaZoque-61_nose-1	SanMiguelChimalapaZoque	61_nose	k i n ə k	chim1300	zoh	1221	NOSE	61_nose-2	
523	SanMiguelChimalapaZoque-62_not-1	SanMiguelChimalapaZoque	62_not	j a	chim1300	zoh	1240	NOT	62_not-4	
524	SanMiguelChimalapaZoque-63_one-1	SanMiguelChimalapaZoque	63_one	t u m ə	chim1300	zoh	1493	ONE	63_one-2	
526	SanMiguelChimalapaZoque-66_red-1	SanMiguelChimalapaZoque	66_red	ts a p a ts	chim1300	zoh	156	RED	66_red-1	
527	SanMiguelChimalapaZoque-67_road-1	SanMiguelChimalapaZoque	67_road	t u ŋ	chim1300	zoh	667	ROAD	67_road-1	
528	SanMiguelChimalapaZoque-68_root-1	SanMiguelChimalapaZoque	68_root	w a ʔ ts	chim1300	zoh	670	ROOT	68_root-3	
529	SanMiguelChimalapaZoque-6_bird-1	SanMiguelChimalapaZoque	6_bird	h o n	chim1300	zoh	937	BIRD	6_bird-2	
530	SanMiguelChimalapaZoque-70_sand-1	SanMiguelChimalapaZoque	70_sand	p o e ʔ	chim1300	zoh	671	SAND	70_sand-1	
531	SanMiguelChimalapaZoque-71_say-1	SanMiguelChimalapaZoque	71_say	n ə m	chim1300	zoh	1458	SAY	71_say-4	
532	SanMiguelChimalapaZoque-72_see-1	SanMiguelChimalapaZoque	72_see	ʔ i ʃ	chim1300	zoh	1409	SEE	72_see-1	
533	SanMiguelChimalapaZoque-73_seed-1	SanMiguelChimalapaZoque	73_seed	p u h	chim1300	zoh	714	SEED	73_seed-3	
534	SanMiguelChimalapaZoque-74_sit-1	SanMiguelChimalapaZoque	74_sit	ts ə n	chim1300	zoh	1416	SIT	74_sit-1	
536	SanMiguelChimalapaZoque-76_sleep-1	SanMiguelChimalapaZoque	76_sleep	k a p + n e j	chim1300	zoh	1585	SLEEP	76_sleep-4	
537	SanMiguelChimalapaZoque-77_small-1	SanMiguelChimalapaZoque	77_small	w a k ʃ i ŋ ʔ	chim1300	zoh	1246	SMALL	77_small-6	
539	SanMiguelChimalapaZoque-79_stand-1	SanMiguelChimalapaZoque	79_stand	t e n	chim1300	zoh	1442	STAND	79_stand-1	
540	SanMiguelChimalapaZoque-79_stand-2	SanMiguelChimalapaZoque	79_stand	m a ŋ + n e j	chim1300	zoh	1442	STAND	79_stand-1	
541	SanMiguelChimalapaZoque-7_bite-1	SanMiguelChimalapaZoque	7_bite	w a ʃ	chim1300	zoh	1403	BITE	7_bite-6	
542	SanMiguelChimalapaZoque-80_star-1	SanMiguelChimalapaZoque	80_star	m a ts a ʔ	chim1300	zoh	1430	STAR	80_star-1	
543	SanMiguelChimalapaZoque-81_stone-1	SanMiguelChimalapaZoque	81_stone	ts a ʔ	chim1300	zoh	857	STONE	81_stone-1	
544	SanMiguelChimalapaZoque-82_sun-1	SanMiguelChimalapaZoque	82_sun	h a m a	chim1300	zoh	1343	SUN	82_sun-2	
545	SanMiguelChimalapaZoque-83_swim-1	SanMiguelChimalapaZoque	83_swim	j u k	chim1300	zoh	1439	SWIM	83_swim-6	
546	SanMiguelChimalapaZoque-84_tail-1	SanMiguelChimalapaZoque	84_tail	t u ʔ ts	chim1300	zoh	1220	TAIL	84_tail-1	
547	SanMiguelChimalapaZoque-85_that-1	SanMiguelChimalapaZoque	85_that	g a d ə	chim1300	zoh	78	THAT	85_that-5	
548	SanMiguelChimalapaZoque-86_this-1	SanMiguelChimalapaZoque	86_this	j ə ʔ	chim1300	zoh	1214	THIS	86_this-1	
549	SanMiguelChimalapaZoque-87_thou-1	SanMiguelChimalapaZoque	87_thou	m i + ʃ	chim1300	zoh	1215	THOU	87_thou-1	
550	SanMiguelChimalapaZoque-88_tongue-1	SanMiguelChimalapaZoque	88_tongue	t o ts	chim1300	zoh	1205	TONGUE	88_tongue-1	
551	SanMiguelChimalapaZoque-89_tooth-1	SanMiguelChimalapaZoque	89_tooth	t ə ts	chim1300	zoh	1380	TOOTH	89_tooth-1	
552	SanMiguelChimalapaZoque-8_black-1	SanMiguelChimalapaZoque	8_black	j ə k + j ə k	chim1300	zoh	163	BLACK	8_black-1	
553	SanMiguelChimalapaZoque-90_tree-1	SanMiguelChimalapaZoque	90_tree	k u j	chim1300	zoh	906	TREE	90_tree-1	
554	SanMiguelChimalapaZoque-91_two-1	SanMiguelChimalapaZoque	91_two	m e ts + a + ʔ a ŋ	chim1300	zoh	1498	TWO	91_two-3	
555	SanMiguelChimalapaZoque-92_walkgo-1	SanMiguelChimalapaZoque	92_walkgo	w i t	chim1300	zoh	1443	WALK	92_walkgo-2	
556	SanMiguelChimalapaZoque-92_walkgo-2	SanMiguelChimalapaZoque	92_walkgo	t u ŋ + ʔ a h	chim1300	zoh	1443	WALK	92_walkgo-1	
558	SanMiguelChimalapaZoque-94_water-1	SanMiguelChimalapaZoque	94_water	n ə ʔ	chim1300	zoh	948	WATER	94_water-1	
559	SanMiguelChimalapaZoque-95_we-1	SanMiguelChimalapaZoque	95_we	n e j w i n	chim1300	zoh	1212	WE	95_we-2	
560	SanMiguelChimalapaZoque-96_what-1	SanMiguelChimalapaZoque	96_what	t i	chim1300	zoh	1236	WHAT	96_what-1	
561	SanMiguelChimalapaZoque-97_white-1	SanMiguelChimalapaZoque	97_white	p o p o ʔ	chim1300	zoh	1335	WHITE	97_white-1	
562	SanMiguelChimalapaZoque-98_who-1	SanMiguelChimalapaZoque	98_who	ʔ i + w ə	chim1300	zoh	1235	WHO	98_who-2	
563	SanMiguelChimalapaZoque-99_woman-1	SanMiguelChimalapaZoque	99_woman	j o m aː ʔ	chim1300	zoh	962	WOMAN	99_woman-4	
564	SanMiguelChimalapaZoque-9_blood-1	SanMiguelChimalapaZoque	9_blood	n ə p i n ʔ	chim1300	zoh	946	BLOOD	9_blood-1	
565	SantaMariaChimalapaZoque-100_yellow-1	SantaMariaChimalapaZoque	100_yellow	p u ʔ ts i ʔ	chim1300	zoh	1424	YELLOW	100_yellow-1	
566	SantaMariaChimalapaZoque-101_far-1	SantaMariaChimalapaZoque	101_far	j a ʔ h i	chim1300	zoh	1406	FAR	101_far-4	
567	SantaMariaChimalapaZoque-102_heavy-1	SantaMariaChimalapaZoque	102_heavy	h e m e ts	chim1300	zoh	1210	HEAVY	102_heavy-1	
568	SantaMariaChimalapaZoque-103_near-1	SantaMariaChimalapaZoque	103_near	t o m e ʔ	chim1300	zoh	1942	NEAR	103_near-2	
569	SantaMariaChimalapaZoque-104_salt-1	SantaMariaChimalapaZoque	104_salt	k a n a	chim1300	zoh	1274	SALT	104_salt-1	
570	SantaMariaChimalapaZoque-105_short-1	SantaMariaChimalapaZoque	105_short	k o n o ʔ	chim1300	zoh	1645	SHORT	105_short-1	
571	SantaMariaChimalapaZoque-106_snake-1	SantaMariaChimalapaZoque	106_snake	ts a h i n	chim1300	zoh	730	SNAKE	106_snake-1	
572	SantaMariaChimalapaZoque-107_thin-1	SantaMariaChimalapaZoque	107_thin	p i ʔ i ʔ	chim1300	zoh	2308	THIN	107_thin-1	
573	SantaMariaChimalapaZoque-109_worm-1	SantaMariaChimalapaZoque	109_worm	ts u ʔ k i n	chim1300	zoh	1219	WORM	109_worm-5	
574	SantaMariaChimalapaZoque-10_bone-1	SantaMariaChimalapaZoque	10_bone	p a k	chim1300	zoh	1394	BONE	10_bone-1	
575	SantaMariaChimalapaZoque-110_year-1	SantaMariaChimalapaZoque	110_year	a m i n t ə	chim1300	zoh	1226	YEAR	110_year-3	
579	SantaMariaChimalapaZoque-16_come-1	SantaMariaChimalapaZoque	16_come	m i n	chim1300	zoh	1446	COME	16_come-2	
580	SantaMariaChimalapaZoque-17_die-1	SantaMariaChimalapaZoque	17_die	k a ʔ h	chim1300	zoh	1494	DIE	17_die-2	
581	SantaMariaChimalapaZoque-18_dog-1	SantaMariaChimalapaZoque	18_dog	n u ʔ u	chim1300	zoh	2009	DOG	18_dog-6	
582	SantaMariaChimalapaZoque-19_drink-1	SantaMariaChimalapaZoque	19_drink	u k	chim1300	zoh	1401	DRINK	19_drink-1	
583	SantaMariaChimalapaZoque-1_all-1	SantaMariaChimalapaZoque	1_all	a ŋ t e n e ʔ	chim1300	zoh	98	ALL	1_all-7	
584	SantaMariaChimalapaZoque-20_dry-1	SantaMariaChimalapaZoque	20_dry	j a k + j ə ts	chim1300	zoh	1398	DRY	20_dry-1	
585	SantaMariaChimalapaZoque-21_ear-1	SantaMariaChimalapaZoque	21_ear	t a ts ə k	chim1300	zoh	1247	EAR	21_ear-1	
586	SantaMariaChimalapaZoque-22_earth-1	SantaMariaChimalapaZoque	22_earth	n a s	chim1300	zoh	1228	EARTH (SOIL)	22_earth-1	
587	SantaMariaChimalapaZoque-23_eat-1	SantaMariaChimalapaZoque	23_eat	k ə ʔ s + o j	chim1300	zoh	1336	EAT	23_eat-3	
588	SantaMariaChimalapaZoque-24_egg-1	SantaMariaChimalapaZoque	24_egg	p o ʔ o k	chim1300	zoh	744	EGG	24_egg-3	
589	SantaMariaChimalapaZoque-25_eye-1	SantaMariaChimalapaZoque	25_eye	w i t ə m	chim1300	zoh	1248	EYE	25_eye-3	
591	SantaMariaChimalapaZoque-27_feather-1	SantaMariaChimalapaZoque	27_feather	p ə k	chim1300	zoh	1201	FEATHER	27_feather-1	
592	SantaMariaChimalapaZoque-28_fire-1	SantaMariaChimalapaZoque	28_fire	h u k u t ə	chim1300	zoh	221	FIRE	28_fire-2	
593	SantaMariaChimalapaZoque-29_fish-1	SantaMariaChimalapaZoque	29_fish	k o k e	chim1300	zoh	227	FISH	29_fish-2	
594	SantaMariaChimalapaZoque-2_ashes-1	SantaMariaChimalapaZoque	2_ashes	k u j + h a m	chim1300	zoh	646	ASH	2_ashes-1	
595	SantaMariaChimalapaZoque-30_flyv-1	SantaMariaChimalapaZoque	30_flyv	k e k	chim1300	zoh	1441	FLY (MOVE THROUGH AIR)	30_flyv-2	
596	SantaMariaChimalapaZoque-31_foot-1	SantaMariaChimalapaZoque	31_foot	m a ŋ + k u ʔ j	chim1300	zoh	1301	FOOT	31_foot-7	
598	SantaMariaChimalapaZoque-33_give-1	SantaMariaChimalapaZoque	33_give	ts i ʔ	chim1300	zoh	1447	GIVE	33_give-2	
599	SantaMariaChimalapaZoque-35_green-1	SantaMariaChimalapaZoque	35_green	ts u h u s	chim1300	zoh	1425	GREEN	35_green-1	
600	SantaMariaChimalapaZoque-36_hair-1	SantaMariaChimalapaZoque	36_hair	w a ʔ j	chim1300	zoh	1040	HAIR	36_hair-1	
601	SantaMariaChimalapaZoque-37_hand-1	SantaMariaChimalapaZoque	37_hand	k ə ʔ	chim1300	zoh	1277	HAND	37_hand-1	
602	SantaMariaChimalapaZoque-38_head-1	SantaMariaChimalapaZoque	38_head	w a ʔ j	chim1300	zoh	1256	HEAD	38_head-2	
603	SantaMariaChimalapaZoque-39_hear-1	SantaMariaChimalapaZoque	39_hear	m a t o ŋ	chim1300	zoh	1408	HEAR	39_hear-1	
604	SantaMariaChimalapaZoque-3_bark-1	SantaMariaChimalapaZoque	3_bark	n a k a	chim1300	zoh	1204	BARK	3_bark-2	
605	SantaMariaChimalapaZoque-40_heart-1	SantaMariaChimalapaZoque	40_heart	ts o k o ʔ j	chim1300	zoh	1223	HEART	40_heart-3	
606	SantaMariaChimalapaZoque-42_i-1	SantaMariaChimalapaZoque	42_i	ə tsː i ʔ	chim1300	zoh	1209	I	42_i-1	
607	SantaMariaChimalapaZoque-43_kill-1	SantaMariaChimalapaZoque	43_kill	j a k + k a ʔ h	chim1300	zoh	1417	KILL	43_kill-2	
610	SantaMariaChimalapaZoque-46_leaf-1	SantaMariaChimalapaZoque	46_leaf	a j	chim1300	zoh	628	LEAF	46_leaf-1	
611	SantaMariaChimalapaZoque-47_lie-1	SantaMariaChimalapaZoque	47_lie	m o ŋ + k ə t a k e	chim1300	zoh	1411	LIE (REST)	47_lie-7	
612	SantaMariaChimalapaZoque-48_liver-1	SantaMariaChimalapaZoque	48_liver	ts o k o ʔ j	chim1300	zoh	1224	LIVER	48_liver-1	
613	SantaMariaChimalapaZoque-49_long-1	SantaMariaChimalapaZoque	49_long	p ə h i	chim1300	zoh	1203	LONG	49_long-5	
614	SantaMariaChimalapaZoque-4_belly-1	SantaMariaChimalapaZoque	4_belly	ts e k	chim1300	zoh	1251	BELLY	4_belly-4	
615	SantaMariaChimalapaZoque-50_louse-1	SantaMariaChimalapaZoque	50_louse	a w a t	chim1300	zoh	1392	LOUSE	50_louse-2	
617	SantaMariaChimalapaZoque-52_many-1	SantaMariaChimalapaZoque	52_many	s ə h ə ʔ	chim1300	zoh	1198	MANY	52_many-6	
620	SantaMariaChimalapaZoque-56_mouth-1	SantaMariaChimalapaZoque	56_mouth	h ə p	chim1300	zoh	674	MOUTH	56_mouth-3	
621	SantaMariaChimalapaZoque-57_name-1	SantaMariaChimalapaZoque	57_name	n ə h i	chim1300	zoh	1405	NAME	57_name-2	
622	SantaMariaChimalapaZoque-59_new-1	SantaMariaChimalapaZoque	59_new	h o m e ʔ	chim1300	zoh	1231	NEW	59_new-2	
623	SantaMariaChimalapaZoque-5_big-1	SantaMariaChimalapaZoque	5_big	w ə t i ʔ	chim1300	zoh	1202	BIG	5_big-3	
624	SantaMariaChimalapaZoque-60_night-1	SantaMariaChimalapaZoque	60_night	ts u ʔ h i	chim1300	zoh	1233	NIGHT	60_night-1	
625	SantaMariaChimalapaZoque-61_nose-1	SantaMariaChimalapaZoque	61_nose	k i n ə	chim1300	zoh	1221	NOSE	61_nose-2	
626	SantaMariaChimalapaZoque-62_not-1	SantaMariaChimalapaZoque	62_not	w a t + k a h a	chim1300	zoh	1240	NOT	62_not-1	
627	SantaMariaChimalapaZoque-63_one-1	SantaMariaChimalapaZoque	63_one	t u m ə	chim1300	zoh	1493	ONE	63_one-2	
629	SantaMariaChimalapaZoque-66_red-1	SantaMariaChimalapaZoque	66_red	ts a p a ts	chim1300	zoh	156	RED	66_red-1	
630	SantaMariaChimalapaZoque-67_road-1	SantaMariaChimalapaZoque	67_road	t u ŋ	chim1300	zoh	667	ROAD	67_road-1	
631	SantaMariaChimalapaZoque-68_root-1	SantaMariaChimalapaZoque	68_root	w a ʔ ts	chim1300	zoh	670	ROOT	68_root-3	
632	SantaMariaChimalapaZoque-6_bird-1	SantaMariaChimalapaZoque	6_bird	h o n	chim1300	zoh	937	BIRD	6_bird-2	
633	SantaMariaChimalapaZoque-70_sand-1	SantaMariaChimalapaZoque	70_sand	h a w e ʔ	chim1300	zoh	671	SAND	70_sand-3	
634	SantaMariaChimalapaZoque-71_say-1	SantaMariaChimalapaZoque	71_say	n ə m	chim1300	zoh	1458	SAY	71_say-4	
635	SantaMariaChimalapaZoque-72_see-1	SantaMariaChimalapaZoque	72_see	i s	chim1300	zoh	1409	SEE	72_see-1	
636	SantaMariaChimalapaZoque-73_seed-1	SantaMariaChimalapaZoque	73_seed	p u h	chim1300	zoh	714	SEED	73_seed-3	
637	SantaMariaChimalapaZoque-74_sit-1	SantaMariaChimalapaZoque	74_sit	ts ə n a j	chim1300	zoh	1416	SIT	74_sit-1	
639	SantaMariaChimalapaZoque-76_sleep-1	SantaMariaChimalapaZoque	76_sleep	m o ŋ	chim1300	zoh	1585	SLEEP	76_sleep-3	
641	SantaMariaChimalapaZoque-79_stand-1	SantaMariaChimalapaZoque	79_stand	m a ʔ ŋ ə j	chim1300	zoh	1442	STAND	79_stand-1	
642	SantaMariaChimalapaZoque-80_star-1	SantaMariaChimalapaZoque	80_star	m a ts a ʔ	chim1300	zoh	1430	STAR	80_star-1	
643	SantaMariaChimalapaZoque-81_stone-1	SantaMariaChimalapaZoque	81_stone	ts a ʔ	chim1300	zoh	857	STONE	81_stone-1	
644	SantaMariaChimalapaZoque-82_sun-1	SantaMariaChimalapaZoque	82_sun	h a m a	chim1300	zoh	1343	SUN	82_sun-2	
645	SantaMariaChimalapaZoque-83_swim-1	SantaMariaChimalapaZoque	83_swim	j u n	chim1300	zoh	1439	SWIM	83_swim-3	
646	SantaMariaChimalapaZoque-84_tail-1	SantaMariaChimalapaZoque	84_tail	t u ʔ ts	chim1300	zoh	1220	TAIL	84_tail-1	
647	SantaMariaChimalapaZoque-86_this-1	SantaMariaChimalapaZoque	86_this	j ə ʔ + p ə ʔ	chim1300	zoh	1214	THIS	86_this-1	
648	SantaMariaChimalapaZoque-87_thou-1	SantaMariaChimalapaZoque	87_thou	m i ts	chim1300	zoh	1215	THOU	87_thou-1	
649	SantaMariaChimalapaZoque-88_tongue-1	SantaMariaChimalapaZoque	88_tongue	j e n + k u ʔ j	chim1300	zoh	1205	TONGUE	88_tongue-2	
650	SantaMariaChimalapaZoque-89_tooth-1	SantaMariaChimalapaZoque	89_tooth	t ə ts	chim1300	zoh	1380	TOOTH	89_tooth-1	
651	SantaMariaChimalapaZoque-8_black-1	SantaMariaChimalapaZoque	8_black	j ə k	chim1300	zoh	163	BLACK	8_black-1	
652	SantaMariaChimalapaZoque-90_tree-1	SantaMariaChimalapaZoque	90_tree	k u j	chim1300	zoh	906	TREE	90_tree-1	
653	SantaMariaChimalapaZoque-91_two-1	SantaMariaChimalapaZoque	91_two	m e ts + a ʔ a ŋ	chim1300	zoh	1498	TWO	91_two-3	
654	SantaMariaChimalapaZoque-92_walkgo-1	SantaMariaChimalapaZoque	92_walkgo	t u ʔ ŋ a h	chim1300	zoh	1443	WALK	92_walkgo-1	
656	SantaMariaChimalapaZoque-94_water-1	SantaMariaChimalapaZoque	94_water	n ə ʔ	chim1300	zoh	948	WATER	94_water-1	
657	SantaMariaChimalapaZoque-95_we-1	SantaMariaChimalapaZoque	95_we	n e w i n j n e n	chim1300	zoh	1212	WE	95_we-2	
658	SantaMariaChimalapaZoque-96_what-1	SantaMariaChimalapaZoque	96_what	t i	chim1300	zoh	1236	WHAT	96_what-1	
659	SantaMariaChimalapaZoque-97_white-1	SantaMariaChimalapaZoque	97_white	p o p o ʔ	chim1300	zoh	1335	WHITE	97_white-1	
660	SantaMariaChimalapaZoque-98_who-1	SantaMariaChimalapaZoque	98_who	i + w ə	chim1300	zoh	1235	WHO	98_who-2	
661	SantaMariaChimalapaZoque-99_woman-1	SantaMariaChimalapaZoque	99_woman	j o m ə ʔ	chim1300	zoh	962	WOMAN	99_woman-4	
662	SantaMariaChimalapaZoque-9_blood-1	SantaMariaChimalapaZoque	9_blood	n ə ʔ p i n	chim1300	zoh	946	BLOOD	9_blood-1	
663	SayulaPopoluca-100_yellow-1	SayulaPopoluca	100_yellow	p u ʔ ts + p u ts	sayu1241	pos	1424	YELLOW	100_yellow-1	
664	SayulaPopoluca-101_far-1	SayulaPopoluca	101_far	j a g a ts	sayu1241	pos	1406	FAR	101_far-2	
665	SayulaPopoluca-102_heavy-1	SayulaPopoluca	102_heavy	u ʔ ts	sayu1241	pos	1210	HEAVY	102_heavy-3	
666	SayulaPopoluca-103_near-1	SayulaPopoluca	103_near	t o m	sayu1241	pos	1942	NEAR	103_near-2	
667	SayulaPopoluca-104_salt-1	SayulaPopoluca	104_salt	k aː n	sayu1241	pos	1274	SALT	104_salt-1	
668	SayulaPopoluca-106_snake-1	SayulaPopoluca	106_snake	ts a n a j	sayu1241	pos	730	SNAKE	106_snake-1	
669	SayulaPopoluca-107_thin-1	SayulaPopoluca	107_thin	p e h a j	sayu1241	pos	2308	THIN	107_thin-1	
670	SayulaPopoluca-108_wind-1	SayulaPopoluca	108_wind	ʃ e ʔ m	sayu1241	pos	960	WIND	108_wind-2	
671	SayulaPopoluca-109_worm-1	SayulaPopoluca	109_worm	ts u g u t	sayu1241	pos	1219	WORM	109_worm-3	
672	SayulaPopoluca-10_bone-1	SayulaPopoluca	10_bone	p a h k	sayu1241	pos	1394	BONE	10_bone-1	
673	SayulaPopoluca-110_year-1	SayulaPopoluca	110_year	ʃ i w i t	sayu1241	pos	1226	YEAR	110_year-2	
677	SayulaPopoluca-14_cloud-1	SayulaPopoluca	14_cloud	w i n + t u k	sayu1241	pos	1489	CLOUD	14_cloud-1	
679	SayulaPopoluca-16_come-1	SayulaPopoluca	16_come	m i n	sayu1241	pos	1446	COME	16_come-3	
680	SayulaPopoluca-16_come-2	SayulaPopoluca	16_come	m i ʔ n	sayu1241	pos	1446	COME	16_come-3	
681	SayulaPopoluca-17_die-1	SayulaPopoluca	17_die	o ʔ k	sayu1241	pos	1494	DIE	17_die-1	
682	SayulaPopoluca-18_dog-1	SayulaPopoluca	18_dog	t a k	sayu1241	pos	2009	DOG	18_dog-2	
683	SayulaPopoluca-19_drink-1	SayulaPopoluca	19_drink	uː k	sayu1241	pos	1401	DRINK	19_drink-2	
684	SayulaPopoluca-19_drink-2	SayulaPopoluca	19_drink	u ʔ k	sayu1241	pos	1401	DRINK	19_drink-2	
685	SayulaPopoluca-1_all-1	SayulaPopoluca	1_all	n u + p ə h ə n	sayu1241	pos	98	ALL	1_all-3	
686	SayulaPopoluca-20_dry-1	SayulaPopoluca	20_dry	k u j t ə ʔ ts	sayu1241	pos	1398	DRY	20_dry-1	
687	SayulaPopoluca-21_ear-1	SayulaPopoluca	21_ear	t aː ts ə k	sayu1241	pos	1247	EAR	21_ear-1	
688	SayulaPopoluca-22_earth-1	SayulaPopoluca	22_earth	n aː ʃ	sayu1241	pos	1228	EARTH (SOIL)	22_earth-1	
689	SayulaPopoluca-23_eat-1	SayulaPopoluca	23_eat	k a j	sayu1241	pos	1336	EAT	23_eat-2	
690	SayulaPopoluca-24_egg-1	SayulaPopoluca	24_egg	k oː j	sayu1241	pos	744	EGG	24_egg-2	
691	SayulaPopoluca-25_eye-1	SayulaPopoluca	25_eye	w i h n	sayu1241	pos	1248	EYE	25_eye-1	
693	SayulaPopoluca-28_fire-1	SayulaPopoluca	28_fire	h ə h n	sayu1241	pos	221	FIRE	28_fire-1	
694	SayulaPopoluca-29_fish-1	SayulaPopoluca	29_fish	a k ʃ	sayu1241	pos	227	FISH	29_fish-1	
695	SayulaPopoluca-2_ashes-1	SayulaPopoluca	2_ashes	k u j + h a h m	sayu1241	pos	646	ASH	2_ashes-1	
696	SayulaPopoluca-30_flyv-1	SayulaPopoluca	30_flyv	k eː k	sayu1241	pos	1441	FLY (MOVE THROUGH AIR)	30_flyv-2	
697	SayulaPopoluca-30_flyv-2	SayulaPopoluca	30_flyv	k e ʔ k	sayu1241	pos	1441	FLY (MOVE THROUGH AIR)	30_flyv-2	
698	SayulaPopoluca-31_foot-1	SayulaPopoluca	31_foot	t a n	sayu1241	pos	1301	FOOT	31_foot-2	
700	SayulaPopoluca-33_give-1	SayulaPopoluca	33_give	m o j	sayu1241	pos	1447	GIVE	33_give-1	
701	SayulaPopoluca-33_give-2	SayulaPopoluca	33_give	m o ʔ	sayu1241	pos	1447	GIVE	33_give-1	
702	SayulaPopoluca-34_good-1	SayulaPopoluca	34_good	o j	sayu1241	pos	1035	GOOD	34_good-1	
703	SayulaPopoluca-35_green-1	SayulaPopoluca	35_green	ʃ u ʃ u k	sayu1241	pos	1425	GREEN	35_green-1	
704	SayulaPopoluca-36_hair-1	SayulaPopoluca	36_hair	p ə h k	sayu1241	pos	1040	HAIR	36_hair-1	
705	SayulaPopoluca-37_hand-1	SayulaPopoluca	37_hand	k ə ʔ	sayu1241	pos	1277	HAND	37_hand-1	
706	SayulaPopoluca-38_head-1	SayulaPopoluca	38_head	k o p a k	sayu1241	pos	1256	HEAD	38_head-1	
707	SayulaPopoluca-39_hear-1	SayulaPopoluca	39_hear	m a r a w	sayu1241	pos	1408	HEAR	39_hear-1	
708	SayulaPopoluca-3_bark-1	SayulaPopoluca	3_bark	a k	sayu1241	pos	1204	BARK	3_bark-1	
710	SayulaPopoluca-42_i-1	SayulaPopoluca	42_i	əː	sayu1241	pos	1209	I	42_i-1	
711	SayulaPopoluca-42_i-2	SayulaPopoluca	42_i	əː ts	sayu1241	pos	1209	I	42_i-1	
712	SayulaPopoluca-43_kill-1	SayulaPopoluca	43_kill	a g + o ʔ k	sayu1241	pos	1417	KILL	43_kill-1	
715	SayulaPopoluca-46_leaf-1	SayulaPopoluca	46_leaf	a h j	sayu1241	pos	628	LEAF	46_leaf-1	
716	SayulaPopoluca-47_lie-1	SayulaPopoluca	47_lie	k ə m n a	sayu1241	pos	1411	LIE (REST)	47_lie-3	
717	SayulaPopoluca-48_liver-1	SayulaPopoluca	48_liver	h oː h t	sayu1241	pos	1224	LIVER	48_liver-1	
718	SayulaPopoluca-49_long-1	SayulaPopoluca	49_long	j a g a ts	sayu1241	pos	1203	LONG	49_long-3	
719	SayulaPopoluca-4_belly-1	SayulaPopoluca	4_belly	t i n + tʃ a j	sayu1241	pos	1251	BELLY	4_belly-1	
720	SayulaPopoluca-50_louse-1	SayulaPopoluca	50_louse	aː w a t	sayu1241	pos	1392	LOUSE	50_louse-2	
722	SayulaPopoluca-52_many-1	SayulaPopoluca	52_many	m a j	sayu1241	pos	1198	MANY	52_many-1	
725	SayulaPopoluca-55_mountain-1	SayulaPopoluca	55_mountain	k o p a k	sayu1241	pos	639	MOUNTAIN	55_mountain-1	
726	SayulaPopoluca-56_mouth-1	SayulaPopoluca	56_mouth	a h w	sayu1241	pos	674	MOUTH	56_mouth-1	
727	SayulaPopoluca-57_name-1	SayulaPopoluca	57_name	n ə ʔ h j	sayu1241	pos	1405	NAME	57_name-2	
728	SayulaPopoluca-58_neck-1	SayulaPopoluca	58_neck	j o ʔ k	sayu1241	pos	1333	NECK	58_neck-1	
729	SayulaPopoluca-59_new-1	SayulaPopoluca	59_new	n a m a j	sayu1241	pos	1231	NEW	59_new-1	
730	SayulaPopoluca-5_big-1	SayulaPopoluca	5_big	m ə h	sayu1241	pos	1202	BIG	5_big-1	
731	SayulaPopoluca-60_night-1	SayulaPopoluca	60_night	ts u ʔ	sayu1241	pos	1233	NIGHT	60_night-1	
732	SayulaPopoluca-61_nose-1	SayulaPopoluca	61_nose	h ə h p	sayu1241	pos	1221	NOSE	61_nose-1	
733	SayulaPopoluca-62_not-1	SayulaPopoluca	62_not	k aː h	sayu1241	pos	1240	NOT	62_not-1	
734	SayulaPopoluca-63_one-1	SayulaPopoluca	63_one	t u ʔ k	sayu1241	pos	1493	ONE	63_one-1	
735	SayulaPopoluca-64_person-1	SayulaPopoluca	64_person	h a j a w	sayu1241	pos	683	PERSON	64_person-1	
737	SayulaPopoluca-66_red-1	SayulaPopoluca	66_red	ts a b a ts	sayu1241	pos	156	RED	66_red-1	
738	SayulaPopoluca-67_road-1	SayulaPopoluca	67_road	t oː w	sayu1241	pos	667	ROAD	67_road-1	
739	SayulaPopoluca-68_root-1	SayulaPopoluca	68_root	t i k tʃ i k	sayu1241	pos	670	ROOT	68_root-2	
741	SayulaPopoluca-6_bird-1	SayulaPopoluca	6_bird	h o h n	sayu1241	pos	937	BIRD	6_bird-2	
742	SayulaPopoluca-70_sand-1	SayulaPopoluca	70_sand	p o ʔ j	sayu1241	pos	671	SAND	70_sand-1	
743	SayulaPopoluca-71_say-1	SayulaPopoluca	71_say	n ə m	sayu1241	pos	1458	SAY	71_say-3	
744	SayulaPopoluca-72_see-1	SayulaPopoluca	72_see	i ʃ	sayu1241	pos	1409	SEE	72_see-1	
745	SayulaPopoluca-72_see-2	SayulaPopoluca	72_see	e ʔ p	sayu1241	pos	1409	SEE	72_see-1	
746	SayulaPopoluca-73_seed-1	SayulaPopoluca	73_seed	p uː h	sayu1241	pos	714	SEED	73_seed-3	
747	SayulaPopoluca-74_sit-1	SayulaPopoluca	74_sit	ts əː n a	sayu1241	pos	1416	SIT	74_sit-1	
749	SayulaPopoluca-76_sleep-1	SayulaPopoluca	76_sleep	m aː	sayu1241	pos	1585	SLEEP	76_sleep-1	
750	SayulaPopoluca-76_sleep-2	SayulaPopoluca	76_sleep	m a ʔ	sayu1241	pos	1585	SLEEP	76_sleep-1	
751	SayulaPopoluca-77_small-1	SayulaPopoluca	77_small	tʃ i tʃ i c/tʃ	sayu1241	pos	1246	SMALL	77_small-3	
753	SayulaPopoluca-79_stand-1	SayulaPopoluca	79_stand	t e n a	sayu1241	pos	1442	STAND	79_stand-1	
754	SayulaPopoluca-7_bite-1	SayulaPopoluca	7_bite	k u t o ʔ	sayu1241	pos	1403	BITE	7_bite-3	
755	SayulaPopoluca-80_star-1	SayulaPopoluca	80_star	m aː h ts	sayu1241	pos	1430	STAR	80_star-1	
756	SayulaPopoluca-81_stone-1	SayulaPopoluca	81_stone	ts a ʔ	sayu1241	pos	857	STONE	81_stone-1	
757	SayulaPopoluca-82_sun-1	SayulaPopoluca	82_sun	ʃ ə h w	sayu1241	pos	1343	SUN	82_sun-1	
758	SayulaPopoluca-83_swim-1	SayulaPopoluca	83_swim	j u n	sayu1241	pos	1439	SWIM	83_swim-3	
759	SayulaPopoluca-84_tail-1	SayulaPopoluca	84_tail	t u ʔ h ts	sayu1241	pos	1220	TAIL	84_tail-1	
760	SayulaPopoluca-85_that-1	SayulaPopoluca	85_that	j a h j ə ʔ n	sayu1241	pos	78	THAT	85_that-3	
761	SayulaPopoluca-86_this-1	SayulaPopoluca	86_this	a j əː h	sayu1241	pos	1214	THIS	86_this-1	
762	SayulaPopoluca-87_thou-1	SayulaPopoluca	87_thou	m iː	sayu1241	pos	1215	THOU	87_thou-1	
763	SayulaPopoluca-88_tongue-1	SayulaPopoluca	88_tongue	t oː h ts	sayu1241	pos	1205	TONGUE	88_tongue-1	
764	SayulaPopoluca-89_tooth-1	SayulaPopoluca	89_tooth	t əː h ts	sayu1241	pos	1380	TOOTH	89_tooth-1	
765	SayulaPopoluca-8_black-1	SayulaPopoluca	8_black	j ə g ə k	sayu1241	pos	163	BLACK	8_black-2	
766	SayulaPopoluca-90_tree-1	SayulaPopoluca	90_tree	k u h j	sayu1241	pos	906	TREE	90_tree-1	
767	SayulaPopoluca-91_two-1	SayulaPopoluca	91_two	m e tʃ k	sayu1241	pos	1498	TWO	91_two-1	
768	SayulaPopoluca-92_walkgo-1	SayulaPopoluca	92_walkgo	j o ʔ j	sayu1241	pos	1443	WALK	92_walkgo-1	
771	SayulaPopoluca-94_water-1	SayulaPopoluca	94_water	n ə ʔ	sayu1241	pos	948	WATER	94_water-1	
772	SayulaPopoluca-95_we-1	SayulaPopoluca	95_we	ə h ts a t	sayu1241	pos	1212	WE	95_we-1	
773	SayulaPopoluca-96_what-1	SayulaPopoluca	96_what	t i	sayu1241	pos	1236	WHAT	96_what-1	
774	SayulaPopoluca-97_white-1	SayulaPopoluca	97_white	p o ʔ p	sayu1241	pos	1335	WHITE	97_white-1	
775	SayulaPopoluca-98_who-1	SayulaPopoluca	98_who	p ə n	sayu1241	pos	1235	WHO	98_who-1	
776	SayulaPopoluca-99_woman-1	SayulaPopoluca	99_woman	t o ʔ ʃ a j	sayu1241	pos	962	WOMAN	99_woman-2	
777	SayulaPopoluca-9_blood-1	SayulaPopoluca	9_blood	n i p i n	sayu1241	pos	946	BLOOD	9_blood-1	
778	SoteapanZoque-100_yellow-1	SoteapanZoque	100_yellow	p u ʔ u tʃ	high1276	poi	1424	YELLOW	100_yellow-1	
779	SoteapanZoque-101_far-1	SoteapanZoque	101_far	h u ʔ u m ə	high1276	poi	1406	FAR	101_far-5	
780	SoteapanZoque-102_heavy-1	SoteapanZoque	102_heavy	ts a k ʃ + ɲ i	high1276	poi	1210	HEAVY	102_heavy-2	
781	SoteapanZoque-103_near-1	SoteapanZoque	103_near	t a ʔ a ɲ i	high1276	poi	1942	NEAR	103_near-3	
782	SoteapanZoque-104_salt-1	SoteapanZoque	104_salt	k aː n a	high1276	poi	1274	SALT	104_salt-1	
783	SoteapanZoque-105_short-1	SoteapanZoque	105_short	n o k o	high1276	poi	1645	SHORT	105_short-2	
784	SoteapanZoque-106_snake-1	SoteapanZoque	106_snake	ts aː ɲ	high1276	poi	730	SNAKE	106_snake-1	
785	SoteapanZoque-107_thin-1	SoteapanZoque	107_thin	tʃ e h tʃ e	high1276	poi	2308	THIN	107_thin-5	
786	SoteapanZoque-107_thin-2	SoteapanZoque	107_thin	w a j a j	high1276	poi	2308	THIN	107_thin-5	
787	SoteapanZoque-108_wind-1	SoteapanZoque	108_wind	s aː w a	high1276	poi	960	WIND	108_wind-4	
788	SoteapanZoque-109_worm-1	SoteapanZoque	109_worm	ts uː ʔ k i ɲ	high1276	poi	1219	WORM	109_worm-5	
789	SoteapanZoque-10_bone-1	SoteapanZoque	10_bone	p a k	high1276	poi	1394	BONE	10_bone-1	
790	SoteapanZoque-110_year-1	SoteapanZoque	110_year	aː m t j ə j	high1276	poi	1226	YEAR	110_year-3	
794	SoteapanZoque-14_cloud-1	SoteapanZoque	14_cloud	u k s ə	high1276	poi	1489	CLOUD	14_cloud-4	
796	SoteapanZoque-16_come-1	SoteapanZoque	16_come	m i ɲ	high1276	poi	1446	COME	16_come-2	
797	SoteapanZoque-17_die-1	SoteapanZoque	17_die	k a ʔ	high1276	poi	1494	DIE	17_die-2	
798	SoteapanZoque-18_dog-1	SoteapanZoque	18_dog	tʃ i m p a	high1276	poi	2009	DOG	18_dog-5	
799	SoteapanZoque-19_drink-1	SoteapanZoque	19_drink	u k	high1276	poi	1401	DRINK	19_drink-1	
800	SoteapanZoque-1_all-1	SoteapanZoque	1_all	i k u m ə h	high1276	poi	98	ALL	1_all-6	
801	SoteapanZoque-20_dry-1	SoteapanZoque	20_dry	k u + t ə ts	high1276	poi	1398	DRY	20_dry-1	
802	SoteapanZoque-21_ear-1	SoteapanZoque	21_ear	t aː ts ə k	high1276	poi	1247	EAR	21_ear-1	
803	SoteapanZoque-22_earth-1	SoteapanZoque	22_earth	n a s	high1276	poi	1228	EARTH (SOIL)	22_earth-1	
804	SoteapanZoque-23_eat-1	SoteapanZoque	23_eat	k ə ʔ ə s	high1276	poi	1336	EAT	23_eat-3	
805	SoteapanZoque-24_egg-1	SoteapanZoque	24_egg	k a n p u	high1276	poi	744	EGG	24_egg-4	
806	SoteapanZoque-25_eye-1	SoteapanZoque	25_eye	i ʃ + k u j	high1276	poi	1248	EYE	25_eye-2	
808	SoteapanZoque-27_feather-1	SoteapanZoque	27_feather	p ə k	high1276	poi	1201	FEATHER	27_feather-1	
809	SoteapanZoque-28_fire-1	SoteapanZoque	28_fire	h u k t ə	high1276	poi	221	FIRE	28_fire-2	
810	SoteapanZoque-29_fish-1	SoteapanZoque	29_fish	t ə ʔ ə p ə	high1276	poi	227	FISH	29_fish-4	
811	SoteapanZoque-2_ashes-1	SoteapanZoque	2_ashes	k u j + h a m	high1276	poi	646	ASH	2_ashes-1	
812	SoteapanZoque-30_flyv-1	SoteapanZoque	30_flyv	k e k	high1276	poi	1441	FLY (MOVE THROUGH AIR)	30_flyv-2	
813	SoteapanZoque-31_foot-1	SoteapanZoque	31_foot	p u j	high1276	poi	1301	FOOT	31_foot-6	
815	SoteapanZoque-33_give-1	SoteapanZoque	33_give	tʃ i ʔ	high1276	poi	1447	GIVE	33_give-2	
816	SoteapanZoque-34_good-1	SoteapanZoque	34_good	w əː	high1276	poi	1035	GOOD	34_good-2	
817	SoteapanZoque-35_green-1	SoteapanZoque	35_green	ts uː s	high1276	poi	1425	GREEN	35_green-1	
818	SoteapanZoque-36_hair-1	SoteapanZoque	36_hair	w a j	high1276	poi	1040	HAIR	36_hair-1	
819	SoteapanZoque-37_hand-1	SoteapanZoque	37_hand	k ə	high1276	poi	1277	HAND	37_hand-1	
820	SoteapanZoque-38_head-1	SoteapanZoque	38_head	k oː b a k	high1276	poi	1256	HEAD	38_head-1	
821	SoteapanZoque-39_hear-1	SoteapanZoque	39_hear	a ŋ + t əː n	high1276	poi	1408	HEAR	39_hear-2	
822	SoteapanZoque-40_heart-1	SoteapanZoque	40_heart	aː n a m a h	high1276	poi	1223	HEART	40_heart-4	
823	SoteapanZoque-42_i-1	SoteapanZoque	42_i	ə tʃ	high1276	poi	1209	I	42_i-1	
824	SoteapanZoque-43_kill-1	SoteapanZoque	43_kill	i k + k a ʔ	high1276	poi	1417	KILL	43_kill-2	
827	SoteapanZoque-46_leaf-1	SoteapanZoque	46_leaf	a j	high1276	poi	628	LEAF	46_leaf-1	
828	SoteapanZoque-47_lie-1	SoteapanZoque	47_lie	w oː n e ʔ e	high1276	poi	1411	LIE (REST)	47_lie-6	
829	SoteapanZoque-48_liver-1	SoteapanZoque	48_liver	ts oː g o j	high1276	poi	1224	LIVER	48_liver-1	
830	SoteapanZoque-49_long-1	SoteapanZoque	49_long	j a g a ts	high1276	poi	1203	LONG	49_long-3	
831	SoteapanZoque-50_louse-1	SoteapanZoque	50_louse	a ʔ a w a t	high1276	poi	1392	LOUSE	50_louse-2	
833	SoteapanZoque-52_many-1	SoteapanZoque	52_many	a g i	high1276	poi	1198	MANY	52_many-5	
834	SoteapanZoque-52_many-2	SoteapanZoque	52_many	ts aː m	high1276	poi	1198	MANY	52_many-5	
835	SoteapanZoque-52_many-3	SoteapanZoque	52_many	h a ʔ j a ŋ	high1276	poi	1198	MANY	52_many-5	
836	SoteapanZoque-52_many-4	SoteapanZoque	52_many	w aː t j i	high1276	poi	1198	MANY	52_many-5	
839	SoteapanZoque-55_mountain-1	SoteapanZoque	55_mountain	k oː ts ə k	high1276	poi	639	MOUNTAIN	55_mountain-2	
840	SoteapanZoque-56_mouth-1	SoteapanZoque	56_mouth	h ə p	high1276	poi	674	MOUTH	56_mouth-3	
841	SoteapanZoque-57_name-1	SoteapanZoque	57_name	n əː j i	high1276	poi	1405	NAME	57_name-2	
842	SoteapanZoque-59_new-1	SoteapanZoque	59_new	h oː m i	high1276	poi	1231	NEW	59_new-2	
843	SoteapanZoque-5_big-1	SoteapanZoque	5_big	m ə h	high1276	poi	1202	BIG	5_big-1	
844	SoteapanZoque-60_night-1	SoteapanZoque	60_night	ts u ʔ u	high1276	poi	1233	NIGHT	60_night-1	
845	SoteapanZoque-61_nose-1	SoteapanZoque	61_nose	k iː ɲ i	high1276	poi	1221	NOSE	61_nose-2	
846	SoteapanZoque-62_not-1	SoteapanZoque	62_not	d Y/j a	high1276	poi	1240	NOT	62_not-4	
847	SoteapanZoque-63_one-1	SoteapanZoque	63_one	t uː m	high1276	poi	1493	ONE	63_one-2	
849	SoteapanZoque-66_red-1	SoteapanZoque	66_red	ts a b a ts	high1276	poi	156	RED	66_red-1	
850	SoteapanZoque-67_road-1	SoteapanZoque	67_road	t u ŋ	high1276	poi	667	ROAD	67_road-1	
851	SoteapanZoque-68_root-1	SoteapanZoque	68_root	t j iː tʃ ə k	high1276	poi	670	ROOT	68_root-2	
853	SoteapanZoque-6_bird-1	SoteapanZoque	6_bird	h o n	high1276	poi	937	BIRD	6_bird-2	
854	SoteapanZoque-70_sand-1	SoteapanZoque	70_sand	p o ʔ o j	high1276	poi	671	SAND	70_sand-1	
855	SoteapanZoque-71_say-1	SoteapanZoque	71_say	n ə m	high1276	poi	1458	SAY	71_say-4	
856	SoteapanZoque-72_see-1	SoteapanZoque	72_see	i ʔ i ʃ	high1276	poi	1409	SEE	72_see-1	
857	SoteapanZoque-73_seed-1	SoteapanZoque	73_seed	p a k	high1276	poi	714	SEED	73_seed-2	
858	SoteapanZoque-74_sit-1	SoteapanZoque	74_sit	k o ɲ	high1276	poi	1416	SIT	74_sit-5	
860	SoteapanZoque-76_sleep-1	SoteapanZoque	76_sleep	m o ŋ	high1276	poi	1585	SLEEP	76_sleep-3	
861	SoteapanZoque-77_small-1	SoteapanZoque	77_small	ʃ u t j u	high1276	poi	1246	SMALL	77_small-5	
863	SoteapanZoque-79_stand-1	SoteapanZoque	79_stand	t eː ɲ	high1276	poi	1442	STAND	79_stand-1	
864	SoteapanZoque-7_bite-1	SoteapanZoque	7_bite	w a s	high1276	poi	1403	BITE	7_bite-6	
865	SoteapanZoque-80_star-1	SoteapanZoque	80_star	m aː ts a	high1276	poi	1430	STAR	80_star-1	
866	SoteapanZoque-81_stone-1	SoteapanZoque	81_stone	ts a	high1276	poi	857	STONE	81_stone-1	
867	SoteapanZoque-82_sun-1	SoteapanZoque	82_sun	h aː m a	high1276	poi	1343	SUN	82_sun-2	
868	SoteapanZoque-83_swim-1	SoteapanZoque	83_swim	p u ʔ n	high1276	poi	1439	SWIM	83_swim-5	
869	SoteapanZoque-84_tail-1	SoteapanZoque	84_tail	t u ʔ ts	high1276	poi	1220	TAIL	84_tail-1	
870	SoteapanZoque-85_that-1	SoteapanZoque	85_that	h e a m	high1276	poi	78	THAT	85_that-2	
871	SoteapanZoque-86_this-1	SoteapanZoque	86_this	h e ʔ e p ə k	high1276	poi	1214	THIS	86_this-4	
872	SoteapanZoque-87_thou-1	SoteapanZoque	87_thou	m i tʃ	high1276	poi	1215	THOU	87_thou-1	
873	SoteapanZoque-88_tongue-1	SoteapanZoque	88_tongue	t o ts	high1276	poi	1205	TONGUE	88_tongue-1	
874	SoteapanZoque-89_tooth-1	SoteapanZoque	89_tooth	t ə ts	high1276	poi	1380	TOOTH	89_tooth-1	
875	SoteapanZoque-8_black-1	SoteapanZoque	8_black	j ə k	high1276	poi	163	BLACK	8_black-1	
876	SoteapanZoque-90_tree-1	SoteapanZoque	90_tree	k u j	high1276	poi	906	TREE	90_tree-1	
877	SoteapanZoque-91_two-1	SoteapanZoque	91_two	w ə s + t eː n	high1276	poi	1498	TWO	91_two-2	
878	SoteapanZoque-92_walkgo-1	SoteapanZoque	92_walkgo	w i t j	high1276	poi	1443	WALK	92_walkgo-2	
879	SoteapanZoque-94_water-1	SoteapanZoque	94_water	n ə	high1276	poi	948	WATER	94_water-1	
880	SoteapanZoque-96_what-1	SoteapanZoque	96_what	t j i	high1276	poi	1236	WHAT	96_what-1	
881	SoteapanZoque-97_white-1	SoteapanZoque	97_white	p o ʔ o b aː p	high1276	poi	1335	WHITE	97_white-1	
882	SoteapanZoque-98_who-1	SoteapanZoque	98_who	i a p a ʔ a p	high1276	poi	1235	WHO	98_who-4	
883	SoteapanZoque-99_woman-1	SoteapanZoque	99_woman	j oː m o	high1276	poi	962	WOMAN	99_woman-4	
884	SoteapanZoque-9_blood-1	SoteapanZoque	9_blood	n ə ʔ ə p i ɲ	high1276	poi	946	BLOOD	9_blood-1	
885	SouthHighlandMixe-100_yellow-1	SouthHighlandMixe	100_yellow	p u ts	tlah1239	mxp	1424	YELLOW	100_yellow-1	
886	SouthHighlandMixe-101_far-1	SouthHighlandMixe	101_far	h æ k æ m	tlah1239	mxp	1406	FAR	101_far-1	
887	SouthHighlandMixe-102_heavy-1	SouthHighlandMixe	102_heavy	h e ʔ m ʃ j	tlah1239	mxp	1210	HEAVY	102_heavy-2	
888	SouthHighlandMixe-103_near-1	SouthHighlandMixe	103_near	h ə n k o n	tlah1239	mxp	1942	NEAR	103_near-1	
889	SouthHighlandMixe-104_salt-1	SouthHighlandMixe	104_salt	k aː n	tlah1239	mxp	1274	SALT	104_salt-1	
890	SouthHighlandMixe-105_short-1	SouthHighlandMixe	105_short	k o n	tlah1239	mxp	1645	SHORT	105_short-1	
891	SouthHighlandMixe-106_snake-1	SouthHighlandMixe	106_snake	ts a ʔ a n j	tlah1239	mxp	730	SNAKE	106_snake-1	
892	SouthHighlandMixe-107_thin-1	SouthHighlandMixe	107_thin	p e h j	tlah1239	mxp	2308	THIN	107_thin-1	
893	SouthHighlandMixe-108_wind-1	SouthHighlandMixe	108_wind	p o h	tlah1239	mxp	960	WIND	108_wind-1	
894	SouthHighlandMixe-109_worm-1	SouthHighlandMixe	109_worm	t ə n ə ʔ ə k	tlah1239	mxp	1219	WORM	109_worm-2	
895	SouthHighlandMixe-10_bone-1	SouthHighlandMixe	10_bone	p a h k	tlah1239	mxp	1394	BONE	10_bone-1	
896	SouthHighlandMixe-110_year-1	SouthHighlandMixe	110_year	h ə m ə h t	tlah1239	mxp	1226	YEAR	110_year-1	
900	SouthHighlandMixe-14_cloud-1	SouthHighlandMixe	14_cloud	n ə m a ʔ a	tlah1239	mxp	1489	CLOUD	14_cloud-5	
902	SouthHighlandMixe-16_come-1	SouthHighlandMixe	16_come	m e n	tlah1239	mxp	1446	COME	16_come-2	
903	SouthHighlandMixe-17_die-1	SouthHighlandMixe	17_die	oː k	tlah1239	mxp	1494	DIE	17_die-1	
904	SouthHighlandMixe-18_dog-1	SouthHighlandMixe	18_dog	u k	tlah1239	mxp	2009	DOG	18_dog-1	
905	SouthHighlandMixe-19_drink-1	SouthHighlandMixe	19_drink	uː k	tlah1239	mxp	1401	DRINK	19_drink-1	
906	SouthHighlandMixe-1_all-1	SouthHighlandMixe	1_all	t u k ə ʔ j	tlah1239	mxp	98	ALL	1_all-2	
907	SouthHighlandMixe-20_dry-1	SouthHighlandMixe	20_dry	t ə ʔ ə ts	tlah1239	mxp	1398	DRY	20_dry-1	
908	SouthHighlandMixe-21_ear-1	SouthHighlandMixe	21_ear	t a ts k	tlah1239	mxp	1247	EAR	21_ear-1	
909	SouthHighlandMixe-22_earth-1	SouthHighlandMixe	22_earth	n a ʃ + w i ʔ ɲ ə t	tlah1239	mxp	1228	EARTH (SOIL)	22_earth-1	
910	SouthHighlandMixe-23_eat-1	SouthHighlandMixe	23_eat	k æ j	tlah1239	mxp	1336	EAT	23_eat-2	
911	SouthHighlandMixe-24_egg-1	SouthHighlandMixe	24_egg	t u ts a h	tlah1239	mxp	744	EGG	24_egg-1	
912	SouthHighlandMixe-25_eye-1	SouthHighlandMixe	25_eye	w eː n	tlah1239	mxp	1248	EYE	25_eye-1	
914	SouthHighlandMixe-27_feather-1	SouthHighlandMixe	27_feather	p ə h k	tlah1239	mxp	1201	FEATHER	27_feather-1	
915	SouthHighlandMixe-28_fire-1	SouthHighlandMixe	28_fire	h əː n	tlah1239	mxp	221	FIRE	28_fire-1	
916	SouthHighlandMixe-29_fish-1	SouthHighlandMixe	29_fish	a k ʃ	tlah1239	mxp	227	FISH	29_fish-1	
917	SouthHighlandMixe-2_ashes-1	SouthHighlandMixe	2_ashes	h aː m	tlah1239	mxp	646	ASH	2_ashes-2	
918	SouthHighlandMixe-30_flyv-1	SouthHighlandMixe	30_flyv	k æ h k ə ʔ ə k	tlah1239	mxp	1441	FLY (MOVE THROUGH AIR)	30_flyv-2	
919	SouthHighlandMixe-31_foot-1	SouthHighlandMixe	31_foot	t e k j	tlah1239	mxp	1301	FOOT	31_foot-1	
921	SouthHighlandMixe-33_give-1	SouthHighlandMixe	33_give	j a k	tlah1239	mxp	1447	GIVE	33_give-3	
922	SouthHighlandMixe-34_good-1	SouthHighlandMixe	34_good	e j	tlah1239	mxp	1035	GOOD	34_good-1	
923	SouthHighlandMixe-35_green-1	SouthHighlandMixe	35_green	ts u ʃ k	tlah1239	mxp	1425	GREEN	35_green-1	
924	SouthHighlandMixe-36_hair-1	SouthHighlandMixe	36_hair	w aː j	tlah1239	mxp	1040	HAIR	36_hair-1	
925	SouthHighlandMixe-37_hand-1	SouthHighlandMixe	37_hand	k ə ʔ ə	tlah1239	mxp	1277	HAND	37_hand-1	
926	SouthHighlandMixe-38_head-1	SouthHighlandMixe	38_head	k ə p aː h k	tlah1239	mxp	1256	HEAD	38_head-1	
927	SouthHighlandMixe-39_hear-1	SouthHighlandMixe	39_hear	m ə t oː	tlah1239	mxp	1408	HEAR	39_hear-1	
928	SouthHighlandMixe-3_bark-1	SouthHighlandMixe	3_bark	a k	tlah1239	mxp	1204	BARK	3_bark-1	
929	SouthHighlandMixe-40_heart-1	SouthHighlandMixe	40_heart	a n m ə + h a ʔ a n	tlah1239	mxp	1223	HEART	40_heart-4	
931	SouthHighlandMixe-42_i-1	SouthHighlandMixe	42_i	ə ts	tlah1239	mxp	1209	I	42_i-1	
932	SouthHighlandMixe-43_kill-1	SouthHighlandMixe	43_kill	æ k + oː k	tlah1239	mxp	1417	KILL	43_kill-1	
935	SouthHighlandMixe-46_leaf-1	SouthHighlandMixe	46_leaf	aː j	tlah1239	mxp	628	LEAF	46_leaf-1	
936	SouthHighlandMixe-47_lie-1	SouthHighlandMixe	47_lie	k o ʔ o k j	tlah1239	mxp	1411	LIE (REST)	47_lie-2	
937	SouthHighlandMixe-48_liver-1	SouthHighlandMixe	48_liver	h o h t	tlah1239	mxp	1224	LIVER	48_liver-1	
938	SouthHighlandMixe-49_long-1	SouthHighlandMixe	49_long	j e n j	tlah1239	mxp	1203	LONG	49_long-1	
939	SouthHighlandMixe-4_belly-1	SouthHighlandMixe	4_belly	m æː ts	tlah1239	mxp	1251	BELLY	4_belly-5	
940	SouthHighlandMixe-50_louse-1	SouthHighlandMixe	50_louse	a ʔ a h t	tlah1239	mxp	1392	LOUSE	50_louse-2	
942	SouthHighlandMixe-52_many-1	SouthHighlandMixe	52_many	m æ j	tlah1239	mxp	1198	MANY	52_many-1	
945	SouthHighlandMixe-55_mountain-1	SouthHighlandMixe	55_mountain	k o k p	tlah1239	mxp	639	MOUNTAIN	55_mountain-1	
946	SouthHighlandMixe-56_mouth-1	SouthHighlandMixe	56_mouth	aː	tlah1239	mxp	674	MOUTH	56_mouth-1	
947	SouthHighlandMixe-57_name-1	SouthHighlandMixe	57_name	ʃ əː	tlah1239	mxp	1405	NAME	57_name-1	
948	SouthHighlandMixe-58_neck-1	SouthHighlandMixe	58_neck	j o ʔ k t	tlah1239	mxp	1333	NECK	58_neck-1	
949	SouthHighlandMixe-59_new-1	SouthHighlandMixe	59_new	h e m p j	tlah1239	mxp	1231	NEW	59_new-2	
950	SouthHighlandMixe-5_big-1	SouthHighlandMixe	5_big	m ə h	tlah1239	mxp	1202	BIG	5_big-1	
951	SouthHighlandMixe-60_night-1	SouthHighlandMixe	60_night	k oː ts	tlah1239	mxp	1233	NIGHT	60_night-2	
952	SouthHighlandMixe-61_nose-1	SouthHighlandMixe	61_nose	h ə h p	tlah1239	mxp	1221	NOSE	61_nose-1	
953	SouthHighlandMixe-62_not-1	SouthHighlandMixe	62_not	k a ʔ t	tlah1239	mxp	1240	NOT	62_not-1	
954	SouthHighlandMixe-63_one-1	SouthHighlandMixe	63_one	t u ʔ u k	tlah1239	mxp	1493	ONE	63_one-1	
955	SouthHighlandMixe-64_person-1	SouthHighlandMixe	64_person	h a ʔ a j	tlah1239	mxp	683	PERSON	64_person-1	
957	SouthHighlandMixe-66_red-1	SouthHighlandMixe	66_red	ts a p s	tlah1239	mxp	156	RED	66_red-1	
958	SouthHighlandMixe-67_road-1	SouthHighlandMixe	67_road	t u ʔ u	tlah1239	mxp	667	ROAD	67_road-1	
959	SouthHighlandMixe-68_root-1	SouthHighlandMixe	68_root	aː ts	tlah1239	mxp	670	ROOT	68_root-1	
961	SouthHighlandMixe-6_bird-1	SouthHighlandMixe	6_bird	h oː n	tlah1239	mxp	937	BIRD	6_bird-2	
962	SouthHighlandMixe-70_sand-1	SouthHighlandMixe	70_sand	p u ʔ u	tlah1239	mxp	671	SAND	70_sand-1	
963	SouthHighlandMixe-71_say-1	SouthHighlandMixe	71_say	n ə + k a p ʃ	tlah1239	mxp	1458	SAY	71_say-5	
964	SouthHighlandMixe-72_see-1	SouthHighlandMixe	72_see	e ʃ	tlah1239	mxp	1409	SEE	72_see-1	
965	SouthHighlandMixe-73_seed-1	SouthHighlandMixe	73_seed	p a h k	tlah1239	mxp	714	SEED	73_seed-2	
966	SouthHighlandMixe-74_sit-1	SouthHighlandMixe	74_sit	ts əː n	tlah1239	mxp	1416	SIT	74_sit-1	
968	SouthHighlandMixe-76_sleep-1	SouthHighlandMixe	76_sleep	m a ʔ a	tlah1239	mxp	1585	SLEEP	76_sleep-1	
969	SouthHighlandMixe-77_small-1	SouthHighlandMixe	77_small	m u ts k	tlah1239	mxp	1246	SMALL	77_small-2	
971	SouthHighlandMixe-79_stand-1	SouthHighlandMixe	79_stand	t ə n æ j	tlah1239	mxp	1442	STAND	79_stand-1	
972	SouthHighlandMixe-7_bite-1	SouthHighlandMixe	7_bite	ts u ʔ u ts	tlah1239	mxp	1403	BITE	7_bite-1	
973	SouthHighlandMixe-80_star-1	SouthHighlandMixe	80_star	m a ts a ʔ a	tlah1239	mxp	1430	STAR	80_star-1	
974	SouthHighlandMixe-81_stone-1	SouthHighlandMixe	81_stone	ts a h	tlah1239	mxp	857	STONE	81_stone-1	
975	SouthHighlandMixe-82_sun-1	SouthHighlandMixe	82_sun	ʃ ə ʔ a n	tlah1239	mxp	1343	SUN	82_sun-1	
976	SouthHighlandMixe-83_swim-1	SouthHighlandMixe	83_swim	n ə + j u m	tlah1239	mxp	1439	SWIM	83_swim-3	
977	SouthHighlandMixe-84_tail-1	SouthHighlandMixe	84_tail	t u ts t	tlah1239	mxp	1220	TAIL	84_tail-1	
978	SouthHighlandMixe-85_that-1	SouthHighlandMixe	85_that	h æ ʔ æ	tlah1239	mxp	78	THAT	85_that-6	
979	SouthHighlandMixe-86_this-1	SouthHighlandMixe	86_this	j a ʔ a t	tlah1239	mxp	1214	THIS	86_this-1	
980	SouthHighlandMixe-87_thou-1	SouthHighlandMixe	87_thou	m e h ts	tlah1239	mxp	1215	THOU	87_thou-1	
981	SouthHighlandMixe-88_tongue-1	SouthHighlandMixe	88_tongue	t oː ts	tlah1239	mxp	1205	TONGUE	88_tongue-1	
982	SouthHighlandMixe-89_tooth-1	SouthHighlandMixe	89_tooth	t əː ts	tlah1239	mxp	1380	TOOTH	89_tooth-1	
983	SouthHighlandMixe-8_black-1	SouthHighlandMixe	8_black	j ə h k	tlah1239	mxp	163	BLACK	8_black-1	
984	SouthHighlandMixe-90_tree-1	SouthHighlandMixe	90_tree	ʃ o h	tlah1239	mxp	906	TREE	90_tree-2	
985	SouthHighlandMixe-91_two-1	SouthHighlandMixe	91_two	m æ ts k	tlah1239	mxp	1498	TWO	91_two-1	
986	SouthHighlandMixe-92_walkgo-1	SouthHighlandMixe	92_walkgo	j o ʔ o j	tlah1239	mxp	1443	WALK	92_walkgo-1	
988	SouthHighlandMixe-94_water-1	SouthHighlandMixe	94_water	n ə h	tlah1239	mxp	948	WATER	94_water-1	
989	SouthHighlandMixe-95_we-1	SouthHighlandMixe	95_we	əː ts	tlah1239	mxp	1212	WE	95_we-1	
990	SouthHighlandMixe-96_what-1	SouthHighlandMixe	96_what	t iː	tlah1239	mxp	1236	WHAT	96_what-1	
991	SouthHighlandMixe-97_white-1	SouthHighlandMixe	97_white	p oː p	tlah1239	mxp	1335	WHITE	97_white-1	
992	SouthHighlandMixe-98_who-1	SouthHighlandMixe	98_who	p ə n	tlah1239	mxp	1235	WHO	98_who-1	
993	SouthHighlandMixe-99_woman-1	SouthHighlandMixe	99_woman	t i ʃ j t j ə h k	tlah1239	mxp	962	WOMAN	99_woman-2	
994	SouthHighlandMixe-9_blood-1	SouthHighlandMixe	9_blood	n ə ʔ ə p j	tlah1239	mxp	946	BLOOD	9_blood-1	
995	TexistepecZoque-100_yellow-1	TexistepecZoque	100_yellow	p u ʔ u tʃ + e ʔ	texi1237	poq	1424	YELLOW	100_yellow-1	
996	TexistepecZoque-101_far-1	TexistepecZoque	101_far	h u ʔ u m	texi1237	poq	1406	FAR	101_far-5	
997	TexistepecZoque-102_heavy-1	TexistepecZoque	102_heavy	ts a ʔ k s + n a ʔ	texi1237	poq	1210	HEAVY	102_heavy-2	
998	TexistepecZoque-103_near-1	TexistepecZoque	103_near	t a ʔ a n	texi1237	poq	1942	NEAR	103_near-3	
999	TexistepecZoque-104_salt-1	TexistepecZoque	104_salt	k aː n	texi1237	poq	1274	SALT	104_salt-1	
1000	TexistepecZoque-105_short-1	TexistepecZoque	105_short	d o kː o ʔ	texi1237	poq	1645	SHORT	105_short-2	
1001	TexistepecZoque-106_snake-1	TexistepecZoque	106_snake	ts aː ɲ	texi1237	poq	730	SNAKE	106_snake-1	
1002	TexistepecZoque-107_thin-1	TexistepecZoque	107_thin	w aː j e ʔ	texi1237	poq	2308	THIN	107_thin-4	
1003	TexistepecZoque-107_thin-2	TexistepecZoque	107_thin	ə ʔ k s + k ə ʔ d a ʔ a	texi1237	poq	2308	THIN	107_thin-4	
1004	TexistepecZoque-107_thin-3	TexistepecZoque	107_thin	k a l + p a k + d a ʔ a	texi1237	poq	2308	THIN	107_thin-4	
1005	TexistepecZoque-108_wind-1	TexistepecZoque	108_wind	s aː w	texi1237	poq	960	WIND	108_wind-4	
1006	TexistepecZoque-109_worm-1	TexistepecZoque	109_worm	ts u ʔ u k e ɲ	texi1237	poq	1219	WORM	109_worm-5	
1007	TexistepecZoque-109_worm-2	TexistepecZoque	109_worm	t o ʔ t	texi1237	poq	1219	WORM	109_worm-1	
1008	TexistepecZoque-10_bone-1	TexistepecZoque	10_bone	p a k	texi1237	poq	1394	BONE	10_bone-1	
1009	TexistepecZoque-110_year-1	TexistepecZoque	110_year	ʔ a m tʃ e	texi1237	poq	1226	YEAR	110_year-3	
1013	TexistepecZoque-14_cloud-1	TexistepecZoque	14_cloud	ʔ u ʔ k s u ʔ	texi1237	poq	1489	CLOUD	14_cloud-4	
1015	TexistepecZoque-16_come-1	TexistepecZoque	16_come	b e ɲ	texi1237	poq	1446	COME	16_come-2	
1016	TexistepecZoque-17_die-1	TexistepecZoque	17_die	k a ʔ	texi1237	poq	1494	DIE	17_die-2	
1017	TexistepecZoque-18_dog-1	TexistepecZoque	18_dog	tʃ e m p a ʔ	texi1237	poq	2009	DOG	18_dog-5	
1018	TexistepecZoque-19_drink-1	TexistepecZoque	19_drink	ʔ u k	texi1237	poq	1401	DRINK	19_drink-1	
1019	TexistepecZoque-1_all-1	TexistepecZoque	1_all	b u m b e	texi1237	poq	98	ALL	1_all-5	
1020	TexistepecZoque-20_dry-1	TexistepecZoque	20_dry	t ə ts + k a ʔ	texi1237	poq	1398	DRY	20_dry-1	
1021	TexistepecZoque-21_ear-1	TexistepecZoque	21_ear	t aː ts ə k	texi1237	poq	1247	EAR	21_ear-1	
1022	TexistepecZoque-22_earth-1	TexistepecZoque	22_earth	d a s	texi1237	poq	1228	EARTH (SOIL)	22_earth-1	
1023	TexistepecZoque-23_eat-1	TexistepecZoque	23_eat	k ə ʔ ə s	texi1237	poq	1336	EAT	23_eat-3	
1024	TexistepecZoque-24_egg-1	TexistepecZoque	24_egg	k a ʔ n p u k	texi1237	poq	744	EGG	24_egg-4	
1025	TexistepecZoque-25_eye-1	TexistepecZoque	25_eye	ʔ e ʃ + k u ʔ	texi1237	poq	1248	EYE	25_eye-2	
1026	TexistepecZoque-27_feather-1	TexistepecZoque	27_feather	p ə k	texi1237	poq	1201	FEATHER	27_feather-1	
1027	TexistepecZoque-28_fire-1	TexistepecZoque	28_fire	h u k u t	texi1237	poq	221	FIRE	28_fire-2	
1028	TexistepecZoque-29_fish-1	TexistepecZoque	29_fish	w o ʔ ŋ	texi1237	poq	227	FISH	29_fish-3	
1029	TexistepecZoque-2_ashes-1	TexistepecZoque	2_ashes	k u j a m	texi1237	poq	646	ASH	2_ashes-1	
1030	TexistepecZoque-30_flyv-1	TexistepecZoque	30_flyv	k e k	texi1237	poq	1441	FLY (MOVE THROUGH AIR)	30_flyv-2	
1031	TexistepecZoque-31_foot-1	TexistepecZoque	31_foot	p a k	texi1237	poq	1301	FOOT	31_foot-5	
1033	TexistepecZoque-33_give-1	TexistepecZoque	33_give	tʃ e ʔ	texi1237	poq	1447	GIVE	33_give-2	
1034	TexistepecZoque-34_good-1	TexistepecZoque	34_good	w əː	texi1237	poq	1035	GOOD	34_good-2	
1035	TexistepecZoque-35_green-1	TexistepecZoque	35_green	ts uː s	texi1237	poq	1425	GREEN	35_green-1	
1036	TexistepecZoque-36_hair-1	TexistepecZoque	36_hair	w a ʔ j	texi1237	poq	1040	HAIR	36_hair-1	
1037	TexistepecZoque-37_hand-1	TexistepecZoque	37_hand	k ə ʔ	texi1237	poq	1277	HAND	37_hand-1	
1038	TexistepecZoque-38_head-1	TexistepecZoque	38_head	k o p ə k	texi1237	poq	1256	HEAD	38_head-1	
1039	TexistepecZoque-39_hear-1	TexistepecZoque	39_hear	b a t ə ŋ	texi1237	poq	1408	HEAR	39_hear-1	
1040	TexistepecZoque-3_bark-1	TexistepecZoque	3_bark	k u j + d aː k	texi1237	poq	1204	BARK	3_bark-2	
1041	TexistepecZoque-40_heart-1	TexistepecZoque	40_heart	ts oː k o ʔ	texi1237	poq	1223	HEART	40_heart-3	
1043	TexistepecZoque-42_i-1	TexistepecZoque	42_i	ʔ ə ts ə ʔ	texi1237	poq	1209	I	42_i-1	
1044	TexistepecZoque-43_kill-1	TexistepecZoque	43_kill	j a k a ʔ	texi1237	poq	1417	KILL	43_kill-2	
1047	TexistepecZoque-46_leaf-1	TexistepecZoque	46_leaf	ʔ a j	texi1237	poq	628	LEAF	46_leaf-1	
1048	TexistepecZoque-47_lie-1	TexistepecZoque	47_lie	k a s + d e ʔ	texi1237	poq	1411	LIE (REST)	47_lie-5	
1049	TexistepecZoque-48_liver-1	TexistepecZoque	48_liver	ts oː k o ʔ	texi1237	poq	1224	LIVER	48_liver-1	
1050	TexistepecZoque-49_long-1	TexistepecZoque	49_long	j a ʔ a k a ʔ ts	texi1237	poq	1203	LONG	49_long-3	
1051	TexistepecZoque-4_belly-1	TexistepecZoque	4_belly	ts e k	texi1237	poq	1251	BELLY	4_belly-4	
1052	TexistepecZoque-50_louse-1	TexistepecZoque	50_louse	a w a ʔ t	texi1237	poq	1392	LOUSE	50_louse-2	
1054	TexistepecZoque-52_many-1	TexistepecZoque	52_many	d a tʃ + k e	texi1237	poq	1198	MANY	52_many-4	
1055	TexistepecZoque-52_many-2	TexistepecZoque	52_many	b ə k s + k e	texi1237	poq	1198	MANY	52_many-4	
1056	TexistepecZoque-52_many-3	TexistepecZoque	52_many	s ə ʔ ə s + d a ʔ a	texi1237	poq	1198	MANY	52_many-4	
1059	TexistepecZoque-55_mountain-1	TexistepecZoque	55_mountain	k o ts ə k	texi1237	poq	639	MOUNTAIN	55_mountain-2	
1060	TexistepecZoque-56_mouth-1	TexistepecZoque	56_mouth	h ə p	texi1237	poq	674	MOUTH	56_mouth-3	
1061	TexistepecZoque-57_name-1	TexistepecZoque	57_name	d ə j	texi1237	poq	1405	NAME	57_name-2	
1062	TexistepecZoque-58_neck-1	TexistepecZoque	58_neck	k ə n + k ə ʔ	texi1237	poq	1333	NECK	58_neck-2	
1063	TexistepecZoque-59_new-1	TexistepecZoque	59_new	h o m ə + n a ʔ	texi1237	poq	1231	NEW	59_new-2	
1064	TexistepecZoque-5_big-1	TexistepecZoque	5_big	w əː tʃ e ʔ	texi1237	poq	1202	BIG	5_big-3	
1065	TexistepecZoque-60_night-1	TexistepecZoque	60_night	ts u ʔ	texi1237	poq	1233	NIGHT	60_night-1	
1066	TexistepecZoque-61_nose-1	TexistepecZoque	61_nose	k e ɲ + k u j	texi1237	poq	1221	NOSE	61_nose-2	
1067	TexistepecZoque-62_not-1	TexistepecZoque	62_not	e ɲ tʃ	texi1237	poq	1240	NOT	62_not-3	
1068	TexistepecZoque-63_one-1	TexistepecZoque	63_one	t u m	texi1237	poq	1493	ONE	63_one-2	
1069	TexistepecZoque-64_person-1	TexistepecZoque	64_person	p əː ɲ + tʃ a ʔ	texi1237	poq	683	PERSON	64_person-2	
1071	TexistepecZoque-66_red-1	TexistepecZoque	66_red	ts a ʔ p a ʔ ts	texi1237	poq	156	RED	66_red-1	
1072	TexistepecZoque-67_road-1	TexistepecZoque	67_road	t u ŋ	texi1237	poq	667	ROAD	67_road-1	
1073	TexistepecZoque-68_root-1	TexistepecZoque	68_root	tʃ e tʃ ə k	texi1237	poq	670	ROOT	68_root-2	
1075	TexistepecZoque-6_bird-1	TexistepecZoque	6_bird	h o n	texi1237	poq	937	BIRD	6_bird-2	
1076	TexistepecZoque-70_sand-1	TexistepecZoque	70_sand	p o ʔ o j	texi1237	poq	671	SAND	70_sand-1	
1077	TexistepecZoque-71_say-1	TexistepecZoque	71_say	d ə m	texi1237	poq	1458	SAY	71_say-4	
1078	TexistepecZoque-72_see-1	TexistepecZoque	72_see	ʔ e ʃ	texi1237	poq	1409	SEE	72_see-1	
1079	TexistepecZoque-73_seed-1	TexistepecZoque	73_seed	p u h	texi1237	poq	714	SEED	73_seed-3	
1080	TexistepecZoque-74_sit-1	TexistepecZoque	74_sit	k o n	texi1237	poq	1416	SIT	74_sit-5	
1082	TexistepecZoque-76_sleep-1	TexistepecZoque	76_sleep	b o ŋ	texi1237	poq	1585	SLEEP	76_sleep-3	
1083	TexistepecZoque-77_small-1	TexistepecZoque	77_small	h ə s ə + b aː	texi1237	poq	1246	SMALL	77_small-4	
1085	TexistepecZoque-79_stand-1	TexistepecZoque	79_stand	h oː p + d e ʔ	texi1237	poq	1442	STAND	79_stand-2	
1086	TexistepecZoque-7_bite-1	TexistepecZoque	7_bite	k e ʔ ts	texi1237	poq	1403	BITE	7_bite-5	
1087	TexistepecZoque-80_star-1	TexistepecZoque	80_star	b aː ts a ʔ	texi1237	poq	1430	STAR	80_star-1	
1088	TexistepecZoque-81_stone-1	TexistepecZoque	81_stone	ts a ʔ	texi1237	poq	857	STONE	81_stone-1	
1089	TexistepecZoque-82_sun-1	TexistepecZoque	82_sun	h aː m	texi1237	poq	1343	SUN	82_sun-2	
1090	TexistepecZoque-83_swim-1	TexistepecZoque	83_swim	p ə ʔ n	texi1237	poq	1439	SWIM	83_swim-5	
1091	TexistepecZoque-84_tail-1	TexistepecZoque	84_tail	t u ʔ ts	texi1237	poq	1220	TAIL	84_tail-1	
1092	TexistepecZoque-86_this-1	TexistepecZoque	86_this	j ə ʔ ə h ə ʔ	texi1237	poq	1214	THIS	86_this-1	
1093	TexistepecZoque-87_thou-1	TexistepecZoque	87_thou	b i tʃ	texi1237	poq	1215	THOU	87_thou-1	
1094	TexistepecZoque-89_tooth-1	TexistepecZoque	89_tooth	t ə ts	texi1237	poq	1380	TOOTH	89_tooth-1	
1095	TexistepecZoque-8_black-1	TexistepecZoque	8_black	j ə k	texi1237	poq	163	BLACK	8_black-1	
1096	TexistepecZoque-90_tree-1	TexistepecZoque	90_tree	k u j	texi1237	poq	906	TREE	90_tree-1	
1097	TexistepecZoque-91_two-1	TexistepecZoque	91_two	w ə s + n a ʔ	texi1237	poq	1498	TWO	91_two-2	
1098	TexistepecZoque-92_walkgo-1	TexistepecZoque	92_walkgo	w e tʃ	texi1237	poq	1443	WALK	92_walkgo-2	
1099	TexistepecZoque-94_water-1	TexistepecZoque	94_water	d ə ʔ	texi1237	poq	948	WATER	94_water-1	
1100	TexistepecZoque-95_we-1	TexistepecZoque	95_we	ʔ ə ts + t a ʔ	texi1237	poq	1212	WE	95_we-1	
1101	TexistepecZoque-96_what-1	TexistepecZoque	96_what	tʃ e ʔ	texi1237	poq	1236	WHAT	96_what-1	
1102	TexistepecZoque-97_white-1	TexistepecZoque	97_white	p o p o ʔ	texi1237	poq	1335	WHITE	97_white-1	
1103	TexistepecZoque-98_who-1	TexistepecZoque	98_who	ʔ eː	texi1237	poq	1235	WHO	98_who-3	
1104	TexistepecZoque-99_woman-1	TexistepecZoque	99_woman	j oː m a ʔ	texi1237	poq	962	WOMAN	99_woman-4	
1105	TexistepecZoque-9_blood-1	TexistepecZoque	9_blood	d ə ʔ ə p e ɲ	texi1237	poq	946	BLOOD	9_blood-1	
